ID,Pais,Latitud,Longitud,Date,InfectadosAcumulado,InfectadosDia,MuertesAcumulado,MuertesDia
1,Mexico,21.6345,-102.5528,2020-01-01,0,0,0,0
2,Mexico,21.6345,-102.5528,2020-01-02,0,0,0,0
3,Mexico,21.6345,-102.5528,2020-01-03,0,0,0,0
4,Mexico,21.6345,-102.5528,2020-01-04,0,0,0,0
5,Mexico,21.6345,-102.5528,2020-01-05,0,0,0,0
6,Mexico,21.6345,-102.5528,2020-01-06,0,0,0,0
7,Mexico,21.6345,-102.5528,2020-01-07,0,0,0,0
8,Mexico,21.6345,-102.5528,2020-01-08,0,0,0,0
9,Mexico,21.6345,-102.5528,2020-01-09,0,0,0,0
10,Mexico,21.6345,-102.5528,2020-01-10,0,0,0,0
11,Mexico,21.6345,-102.5528,2020-01-11,0,0,0,0
12,Mexico,21.6345,-102.5528,2020-01-12,0,0,0,0
13,Mexico,21.6345,-102.5528,2020-01-13,0,0,0,0
14,Mexico,21.6345,-102.5528,2020-01-14,0,0,0,0
15,Mexico,21.6345,-102.5528,2020-01-15,0,0,0,0
16,Mexico,21.6345,-102.5528,2020-01-16,0,0,0,0
17,Mexico,21.6345,-102.5528,2020-01-17,0,0,0,0
18,Mexico,21.6345,-102.5528,2020-01-18,0,0,0,0
19,Mexico,21.6345,-102.5528,2020-01-19,0,0,0,0
20,Mexico,21.6345,-102.5528,2020-01-20,0,0,0,0
21,Mexico,21.6345,-102.5528,2020-01-21,0,0,0,0
22,Mexico,21.6345,-102.5528,2020-01-22,0,0,0,0
23,Mexico,21.6345,-102.5528,2020-01-23,0,0,0,0
24,Mexico,21.6345,-102.5528,2020-01-24,0,0,0,0
25,Mexico,21.6345,-102.5528,2020-01-25,0,0,0,0
26,Mexico,21.6345,-102.5528,2020-01-26,0,0,0,0
27,Mexico,21.6345,-102.5528,2020-01-27,0,0,0,0
28,Mexico,21.6345,-102.5528,2020-01-28,0,0,0,0
29,Mexico,21.6345,-102.5528,2020-01-29,0,0,0,0
30,Mexico,21.6345,-102.5528,2020-01-30,0,0,0,0
31,Mexico,21.6345,-102.5528,2020-01-31,0,0,0,0
32,Mexico,21.6345,-102.5528,2020-02-01,0,0,0,0
33,Mexico,21.6345,-102.5528,2020-02-02,0,0,0,0
34,Mexico,21.6345,-102.5528,2020-02-03,0,0,0,0
35,Mexico,21.6345,-102.5528,2020-02-04,0,0,0,0
36,Mexico,21.6345,-102.5528,2020-02-05,0,0,0,0
37,Mexico,21.6345,-102.5528,2020-02-06,0,0,0,0
38,Mexico,21.6345,-102.5528,2020-02-07,0,0,0,0
39,Mexico,21.6345,-102.5528,2020-02-08,0,0,0,0
40,Mexico,21.6345,-102.5528,2020-02-09,0,0,0,0
41,Mexico,21.6345,-102.5528,2020-02-10,0,0,0,0
42,Mexico,21.6345,-102.5528,2020-02-11,0,0,0,0
43,Mexico,21.6345,-102.5528,2020-02-12,0,0,0,0
44,Mexico,21.6345,-102.5528,2020-02-13,0,0,0,0
45,Mexico,21.6345,-102.5528,2020-02-14,0,0,0,0
46,Mexico,21.6345,-102.5528,2020-02-15,0,0,0,0
47,Mexico,21.6345,-102.5528,2020-02-16,0,0,0,0
48,Mexico,21.6345,-102.5528,2020-02-17,0,0,0,0
49,Mexico,21.6345,-102.5528,2020-02-18,0,0,0,0
50,Mexico,21.6345,-102.5528,2020-02-19,0,0,0,0
51,Mexico,21.6345,-102.5528,2020-02-20,0,0,0,0
52,Mexico,21.6345,-102.5528,2020-02-21,0,0,0,0
53,Mexico,21.6345,-102.5528,2020-02-22,0,0,0,0
54,Mexico,21.6345,-102.5528,2020-02-23,0,0,0,0
55,Mexico,21.6345,-102.5528,2020-02-24,0,0,0,0
56,Mexico,21.6345,-102.5528,2020-02-25,0,0,0,0
57,Mexico,21.6345,-102.5528,2020-02-26,0,0,0,0
58,Mexico,21.6345,-102.5528,2020-02-27,0,0,0,0
59,Mexico,21.6345,-102.5528,2020-02-28,1,1,0,0
60,Mexico,21.6345,-102.5528,2020-02-29,4,3,0,0
61,Mexico,21.6345,-102.5528,2020-03-01,5,2,0,0
62,Mexico,21.6345,-102.5528,2020-03-02,5,0,0,0
63,Mexico,21.6345,-102.5528,2020-03-03,5,0,0,0
64,Mexico,21.6345,-102.5528,2020-03-04,5,0,0,0
65,Mexico,21.6345,-102.5528,2020-03-05,5,0,0,0
66,Mexico,21.6345,-102.5528,2020-03-06,6,1,0,0
67,Mexico,21.6345,-102.5528,2020-03-07,6,0,0,0
68,Mexico,21.6345,-102.5528,2020-03-08,7,1,0,0
69,Mexico,21.6345,-102.5528,2020-03-09,7,0,0,0
70,Mexico,21.6345,-102.5528,2020-03-10,7,0,0,0
71,Mexico,21.6345,-102.5528,2020-03-11,8,1,0,0
72,Mexico,21.6345,-102.5528,2020-03-12,12,4,0,0
73,Mexico,21.6345,-102.5528,2020-03-13,12,0,0,0
74,Mexico,21.6345,-102.5528,2020-03-14,26,14,0,0
75,Mexico,21.6345,-102.5528,2020-03-15,41,15,0,0
76,Mexico,21.6345,-102.5528,2020-03-16,53,12,0,0
77,Mexico,21.6345,-102.5528,2020-03-17,82,29,0,0
78,Mexico,21.6345,-102.5528,2020-03-18,93,11,0,0
79,Mexico,21.6345,-102.5528,2020-03-19,118,25,1,1
80,Mexico,21.6345,-102.5528,2020-03-20,164,46,2,1
81,Mexico,21.6345,-102.5528,2020-03-21,203,39,2,0
82,Mexico,21.6345,-102.5528,2020-03-22,251,48,2,0
83,Mexico,21.6345,-102.5528,2020-03-23,316,65,4,2
84,Mexico,21.6345,-102.5528,2020-03-24,405,89,5,1
85,Mexico,21.6345,-102.5528,2020-03-25,475,70,6,1
86,Mexico,21.6345,-102.5528,2020-03-26,585,110,8,2
87,Mexico,21.6345,-102.5528,2020-03-27,717,132,12,4
88,Mexico,21.6345,-102.5528,2020-03-28,848,131,16,4
89,Mexico,21.6345,-102.5528,2020-03-29,993,145,20,4
90,Mexico,21.6345,-102.5528,2020-03-30,1094,101,28,8
91,Mexico,21.6345,-102.5528,2020-03-31,1215,121,29,1
92,Mexico,21.6345,-102.5528,2020-04-01,1378,163,37,8
93,Mexico,21.6345,-102.5528,2020-04-02,1510,132,50,13
94,Mexico,21.6345,-102.5528,2020-04-03,1688,178,60,10
95,Mexico,21.6345,-102.5528,2020-04-04,1890,202,79,19
96,Mexico,21.6345,-102.5528,2020-04-05,2143,253,94,15
97,Mexico,21.6345,-102.5528,2020-04-06,2439,296,125,31
98,Mexico,21.6345,-102.5528,2020-04-07,2785,346,141,16
99,Mexico,21.6345,-102.5528,2020-04-08,3181,396,174,33
100,Mexico,21.6345,-102.5528,2020-04-09,3441,260,194,20
101,Mexico,21.6345,-102.5528,2020-04-10,3844,403,233,39
102,Mexico,21.6345,-102.5528,2020-04-11,4219,375,273,40
103,Mexico,21.6345,-102.5528,2020-04-12,4661,442,293,20
104,Mexico,21.6345,-102.5528,2020-04-13,5014,353,332,39
105,Mexico,21.6345,-102.5528,2020-04-14,5399,385,406,74
106,Mexico,21.6345,-102.5528,2020-04-15,5847,448,449,43
107,Mexico,21.6345,-102.5528,2020-04-16,6297,450,486,37
108,Mexico,21.6345,-102.5528,2020-04-17,6875,596,546,60
109,Mexico,21.6345,-102.5528,2020-04-18,7497,622,650,104
110,Mexico,21.6345,-102.5528,2020-04-19,8261,764,686,36
111,Mexico,21.6345,-102.5528,2020-04-20,8772,511,712,26
112,Mexico,21.6345,-102.5528,2020-04-21,9501,729,857,145
113,Mexico,21.6345,-102.5528,2020-04-22,10544,1043,970,113
114,Mexico,21.6345,-102.5528,2020-04-23,11633,1089,1069,99
115,Mexico,21.6345,-102.5528,2020-04-24,12872,1239,1221,152
116,Mexico,21.6345,-102.5528,2020-04-25,13842,970,1305,84
117,Mexico,21.6345,-102.5528,2020-04-26,14677,835,1351,46
118,Mexico,21.6345,-102.5528,2020-04-27,15529,852,1434,83
119,Mexico,21.6345,-102.5528,2020-04-28,16752,1223,1569,135
120,Mexico,21.6345,-102.5528,2020-04-29,17799,1047,1732,163
121,Mexico,21.6345,-102.5528,2020-04-30,19224,1425,1859,127
122,Mexico,21.6345,-102.5528,2020-05-01,20739,1515,1972,113
123,Mexico,21.6345,-102.5528,2020-05-02,22088,1349,2061,89
124,Mexico,21.6345,-102.5528,2020-05-03,23471,1383,2154,93
125,Mexico,21.6345,-102.5528,2020-05-04,24905,1434,2271,117
126,Mexico,21.6345,-102.5528,2020-05-05,26025,1120,2507,236
127,Mexico,21.6345,-102.5528,2020-05-06,27634,1609,2704,197
128,Mexico,21.6345,-102.5528,2020-05-07,29616,1982,2961,257
129,Mexico,21.6345,-102.5528,2020-05-08,31511,1895,3160,199
130,Mexico,21.6345,-102.5528,2020-05-09,33460,1949,3353,193
131,Mexico,21.6345,-102.5528,2020-05-10,35022,1562,3465,112
132,Mexico,21.6345,-102.5528,2020-05-11,36327,1305,3573,108
133,Mexico,21.6345,-102.5528,2020-05-12,38324,1997,3926,353
134,Mexico,21.6345,-102.5528,2020-05-13,40186,1862,4220,294
135,Mexico,21.6345,-102.5528,2020-05-14,42595,2409,4477,257
136,Mexico,21.6345,-102.5528,2020-05-15,45032,2437,4767,290
137,Mexico,21.6345,-102.5528,2020-05-16,47144,2112,5045,278
138,Mexico,21.6345,-102.5528,2020-05-17,49219,2075,5177,132
139,Mexico,21.6345,-102.5528,2020-05-18,51633,2414,5332,155
140,Mexico,21.6345,-102.5528,2020-05-19,54346,2713,5666,334
141,Mexico,21.6345,-102.5528,2020-05-20,56594,2248,6090,424
142,Mexico,21.6345,-102.5528,2020-05-21,59567,2973,6510,420
143,Mexico,21.6345,-102.5528,2020-05-22,62527,2960,6989,479
144,Mexico,21.6345,-102.5528,2020-05-23,65856,3329,7179,190
145,Mexico,21.6345,-102.5528,2020-05-24,68620,2764,7394,215
146,Mexico,21.6345,-102.5528,2020-05-25,71105,2485,7633,239
147,Mexico,21.6345,-102.5528,2020-05-26,74560,3455,8134,501
148,Mexico,21.6345,-102.5528,2020-05-27,78023,3463,8597,463
149,Mexico,21.6345,-102.5528,2020-05-28,81400,3377,9044,447
150,Mexico,21.6345,-102.5528,2020-05-29,84627,3227,9415,371
151,Mexico,21.6345,-102.5528,2020-05-30,87512,2885,9779,364
152,Mexico,21.6345,-102.5528,2020-05-31,90644,3132,9930,151
153,Mexico,21.6345,-102.5528,2020-06-01,93435,2791,10167,237
154,Mexico,21.6345,-102.5528,2020-06-02,97236,3801,10637,470
155,Mexico,21.6345,-102.5528,2020-06-03,101238,4002,11729,1092
156,Mexico,21.6345,-102.5528,2020-06-04,105680,4442,12545,816
157,Mexico,21.6345,-102.5528,2020-06-05,110026,4346,13170,625
158,Mexico,21.6345,-102.5528,2020-06-06,113619,3593,13511,341
159,Mexico,21.6345,-102.5528,2020-06-07,117103,3484,13699,188
160,Mexico,21.6345,-102.5528,2020-06-08,120102,2999,14053,354
161,Mexico,21.6345,-102.5528,2020-06-09,124301,4199,14649,596
162,Mexico,21.6345,-102.5528,2020-06-10,129184,4883,15357,708
163,Mexico,21.6345,-102.5528,2020-06-11,133974,4790,15944,587
164,Mexico,21.6345,-102.5528,2020-06-12,139196,5222,16448,504
165,Mexico,21.6345,-102.5528,2020-06-13,142690,3494,16872,424
166,Mexico,21.6345,-102.5528,2020-06-14,146837,4147,17141,269
167,Mexico,21.6345,-102.5528,2020-06-15,150264,3427,17850,709
168,Mexico,21.6345,-102.5528,2020-06-16,154863,4599,18310,460
169,Mexico,21.6345,-102.5528,2020-06-17,159793,4930,19080,770
170,Mexico,21.6345,-102.5528,2020-06-18,165455,5662,19747,667
171,Mexico,21.6345,-102.5528,2020-06-19,170485,5030,20394,647
172,Mexico,21.6345,-102.5528,2020-06-20,175202,4717,20781,387
173,Mexico,21.6345,-102.5528,2020-06-21,180545,5343,21825,1044
174,Mexico,21.6345,-102.5528,2020-06-22,185122,4577,22584,759
175,Mexico,21.6345,-102.5528,2020-06-23,191410,6288,23377,793
176,Mexico,21.6345,-102.5528,2020-06-24,196847,5437,24324,947
177,Mexico,21.6345,-102.5528,2020-06-25,202951,6104,25060,736
178,Mexico,21.6345,-102.5528,2020-06-26,208392,5441,25799,739
179,Mexico,21.6345,-102.5528,2020-06-27,212802,4410,26381,582
180,Mexico,21.6345,-102.5528,2020-06-28,216852,4050,26648,267
181,Mexico,21.6345,-102.5528,2020-06-29,220657,3805,27121,473
182,Mexico,21.6345,-102.5528,2020-06-30,226089,5432,27769,648
183,Mexico,21.6345,-102.5528,2020-07-01,231770,5681,28510,741
184,Mexico,21.6345,-102.5528,2020-07-02,238511,6741,29189,679
185,Mexico,21.6345,-102.5528,2020-07-03,245251,6740,29843,654
186,Mexico,21.6345,-102.5528,2020-07-04,252165,6914,30366,523
187,Mexico,21.6345,-102.5528,2020-07-05,256848,4683,30639,273
188,Mexico,21.6345,-102.5528,2020-07-06,261848,5000,31119,480
189,Mexico,21.6345,-102.5528,2020-07-07,268008,6160,32014,895
190,Mexico,21.6345,-102.5528,2020-07-08,275003,6995,32769,755
191,Mexico,21.6345,-102.5528,2020-07-09,282283,7280,33526,757
192,Mexico,21.6345,-102.5528,2020-07-10,289174,6891,34191,665
193,Mexico,21.6345,-102.5528,2020-07-11,295268,6094,34730,539
194,Mexico,21.6345,-102.5528,2020-07-12,299750,4482,35006,276
195,Mexico,21.6345,-102.5528,2020-07-13,304435,4685,35491,485
196,Mexico,21.6345,-102.5528,2020-07-14,311486,7051,36327,836
197,Mexico,21.6345,-102.5528,2020-07-15,317635,6149,36906,579
198,Mexico,21.6345,-102.5528,2020-07-16,324041,6406,37574,668
199,Mexico,21.6345,-102.5528,2020-07-17,331298,7257,38310,736
200,Mexico,21.6345,-102.5528,2020-07-18,338913,7615,38888,578
201,Mexico,21.6345,-102.5528,2020-07-19,344224,5311,39184,296
202,Mexico,21.6345,-102.5528,2020-07-20,349396,5172,39485,301
203,Mexico,21.6345,-102.5528,2020-07-21,356255,6859,40400,915
204,Mexico,21.6345,-102.5528,2020-07-22,362274,6019,41190,790
205,Mexico,21.6345,-102.5528,2020-07-23,370712,8438,41908,718
206,Mexico,21.6345,-102.5528,2020-07-24,378285,7573,42645,737
207,Mexico,21.6345,-102.5528,2020-07-25,385036,6751,43374,729
208,Mexico,21.6345,-102.5528,2020-07-26,390516,5480,43680,306
209,Mexico,21.6345,-102.5528,2020-07-27,395489,4973,44022,342
210,Mexico,21.6345,-102.5528,2020-07-28,402697,7208,44876,854
211,Mexico,21.6345,-102.5528,2020-07-29,408449,5752,45361,485
212,Mexico,21.6345,-102.5528,2020-02-30,416179,7730,46000,639
213,Mexico,21.6345,-102.5528,2020-07-31,424637,8458,46688,688
214,Mexico,21.6345,-102.5528,2020-08-01,434193,9556,47472,784
215,Mexico,21.6345,-102.5528,2020-08-02,439046,4853,47746,274
216,Mexico,21.6345,-102.5528,2020-08-03,443810,4764,48012,266
217,Mexico,21.6345,-102.5528,2020-08-04,449961,6151,48869,857
218,Mexico,21.6345,-102.5528,2020-08-05,456100,6139,49698,829
219,Mexico,21.6345,-102.5528,2020-08-06,462690,6590,50517,819
220,Mexico,21.6345,-102.5528,2020-08-07,469407,6717,51311,794
221,Mexico,21.6345,-102.5528,2020-08-08,475902,6495,52006,695
222,Mexico,21.6345,-102.5528,2020-08-09,480278,4376,52298,292
223,Mexico,21.6345,-102.5528,2020-08-10,485836,5558,53003,705
224,Mexico,21.6345,-102.5528,2020-08-11,492522,6686,53929,926
225,Mexico,21.6345,-102.5528,2020-08-12,498380,5858,54666,737
226,Mexico,21.6345,-102.5528,2020-08-13,505751,7371,55293,627
227,Mexico,21.6345,-102.5528,2020-08-14,511369,5618,55908,615
228,Mexico,21.6345,-102.5528,2020-08-15,517714,6345,56543,635
229,Mexico,21.6345,-102.5528,2020-08-16,522162,4448,56757,214
230,Mexico,21.6345,-102.5528,2020-08-17,525733,3571,57023,266
231,Mexico,21.6345,-102.5528,2020-08-18,531239,5506,57774,751
232,Mexico,21.6345,-102.5528,2020-08-19,537031,5792,58481,707
233,Mexico,21.6345,-102.5528,2020-08-20,543806,6775,59106,625
234,Mexico,21.6345,-102.5528,2020-08-21,549734,5928,59610,504
235,Mexico,21.6345,-102.5528,2020-08-22,556216,6482,60254,644
236,Mexico,21.6345,-102.5528,2020-08-23,560164,3948,60480,226
237,Mexico,21.6345,-102.5528,2020-08-24,563705,3541,60800,320
238,Mexico,21.6345,-102.5528,2020-08-25,568621,4916,61450,650
239,Mexico,21.6345,-102.5528,2020-08-26,573888,5267,62076,626
240,Mexico,21.6345,-102.5528,2020-08-27,579914,6026,62594,518
241,Mexico,21.6345,-102.5528,2020-08-28,585738,5824,63146,552
242,Mexico,21.6345,-102.5528,2020-08-29,591712,5974,63819,673
243,Mexico,21.6345,-102.5528,2020-08-30,595841,4129,64158,339
244,Mexico,21.6345,-102.5528,2020-08-31,599560,3719,64414,256
245,Mexico,21.6345,-102.5528,2020-09-01,606036,6476,65241,827
246,Mexico,21.6345,-102.5528,2020-09-02,610816,4780,65816,575
247,Mexico,21.6345,-102.5528,2020-09-03,616894,6078,66329,513
248,Mexico,21.6345,-102.5528,2020-09-04,623090,6196,66851,522
249,Mexico,21.6345,-102.5528,2020-09-05,629409,6319,67326,475
250,Mexico,21.6345,-102.5528,2020-09-06,634023,4614,67558,232
251,Mexico,21.6345,-102.5528,2020-09-07,637509,3486,67781,223
252,Mexico,21.6345,-102.5528,2020-09-08,642860,5351,68484,703
253,Mexico,21.6345,-102.5528,2020-09-09,647507,4647,69095,611
254,Mexico,21.6345,-102.5528,2020-09-10,652364,4857,69649,554
255,Mexico,21.6345,-102.5528,2020-09-11,658299,5935,70183,534
256,Mexico,21.6345,-102.5528,2020-09-12,663973,5674,70604,421
257,Mexico,21.6345,-102.5528,2020-09-13,668381,4408,70821,217
258,Mexico,21.6345,-102.5528,2020-09-14,671716,3335,71049,228
259,Mexico,21.6345,-102.5528,2020-09-15,676487,4771,71648,599
260,Mexico,21.6345,-102.5528,2020-09-16,680931,4444,71978,330
261,Mexico,21.6345,-102.5528,2020-09-17,684113,3182,72179,201
262,Mexico,21.6345,-102.5528,2020-09-18,688954,4841,72803,624
263,Mexico,21.6345,-102.5528,2020-09-19,694121,5167,73258,455
264,Mexico,21.6345,-102.5528,2020-09-20,697663,3542,73493,235
265,Mexico,21.6345,-102.5528,2020-09-21,700580,2917,73697,204
266,Mexico,21.6345,-102.5528,2020-09-22,705263,4683,74348,651
267,Mexico,21.6345,-102.5528,2020-09-23,710049,4786,74949,601
268,Mexico,21.6345,-102.5528,2020-09-24,715457,5408,75439,490
269,Mexico,21.6345,-102.5528,2020-09-25,720858,5401,75844,405
270,Mexico,21.6345,-102.5528,2020-09-26,726431,5573,76243,399
271,Mexico,21.6345,-102.5528,2020-09-27,730317,3886,76430,187
272,Mexico,21.6345,-102.5528,2020-09-28,733717,3400,76603,173
273,Mexico,21.6345,-102.5528,2020-09-29,738163,4446,77163,560
274,Mexico,21.6345,-102.5528,2020-09-30,743216,5053,77646,483
275,Mexico,21.6345,-102.5528,2020-10-01,748315,5099,78078,432
276,Mexico,21.6345,-102.5528,2020-10-02,753090,4775,78492,414
277,Mexico,21.6345,-102.5528,2020-10-03,757953,4863,78880,388
278,Mexico,21.6345,-102.5528,2020-10-04,761665,3712,79088,208
279,Mexico,21.6345,-102.5528,2020-10-05,789780,28115,81877,2789
280,Mexico,21.6345,-102.5528,2020-10-06,794608,4828,82348,471
281,Mexico,21.6345,-102.5528,2020-10-07,799188,4580,82726,378
282,Mexico,21.6345,-102.5528,2020-10-08,804488,5300,83096,370
283,Mexico,21.6345,-102.5528,2020-10-09,809751,5263,83507,411
284,Mexico,21.6345,-102.5528,2020-10-10,814328,4577,83642,135
285,Mexico,21.6345,-102.5528,2020-10-11,817503,3175,83781,139
286,Mexico,21.6345,-102.5528,2020-10-12,821045,3542,83945,164
287,Mexico,21.6345,-102.5528,2020-10-13,825340,4295,84420,475
288,Mexico,21.6345,-102.5528,2020-10-14,829396,4056,84898,478
289,Mexico,21.6345,-102.5528,2020-10-15,834910,5514,85285,387
290,Mexico,21.6345,-102.5528,2020-10-16,841661,6751,85704,419
291,Mexico,21.6345,-102.5528,2020-10-17,847108,5447,86059,355
292,Mexico,21.6345,-102.5528,2020-10-18,851227,4119,86167,108
293,Mexico,21.6345,-102.5528,2020-10-19,854926,3699,86338,171
294,Mexico,21.6345,-102.5528,2020-10-20,860714,5788,86893,555
295,Mexico,21.6345,-102.5528,2020-10-21,867559,6845,87415,522
296,Mexico,21.6345,-102.5528,2020-10-22,874171,6612,87894,479
297,Mexico,21.6345,-102.5528,2020-10-23,880775,6604,88312,418
298,Mexico,21.6345,-102.5528,2020-10-24,886800,6025,88743,431
299,Mexico,21.6345,-102.5528,2020-10-25,891160,4360,88924,181
300,Mexico,21.6345,-102.5528,2020-10-26,895326,4166,89171,247
301,Mexico,21.6345,-102.5528,2020-10-27,901268,5942,89814,643
302,Mexico,21.6345,-102.5528,2020-10-28,906863,5595,90309,495
303,Mexico,21.6345,-102.5528,2020-10-29,912811,5948,90773,464
304,Mexico,21.6345,-102.5528,2020-10-30,918811,6000,91289,516
305,Mexico,21.6345,-102.5528,2020-10-31,924962,6151,91753,464
306,Mexico,21.6345,-102.5528,2020-11-01,929392,4430,91895,142
307,Mexico,21.6345,-102.5528,2020-11-02,933155,3763,92100,205
308,Mexico,21.6345,-102.5528,2020-11-03,938405,5250,92593,493
309,Mexico,21.6345,-102.5528,2020-11-04,943630,5225,93228,635
310,Mexico,21.6345,-102.5528,2020-11-05,949197,5567,93772,544
311,Mexico,21.6345,-102.5528,2020-11-06,955128,5931,94323,551
312,Mexico,21.6345,-102.5528,2020-11-07,961938,6810,94808,485
313,Mexico,21.6345,-102.5528,2020-11-08,967825,5887,95027,219
314,Mexico,21.6345,-102.5528,2020-11-09,972785,4960,95225,198
315,Mexico,21.6345,-102.5528,2020-11-10,978531,5746,95842,617
316,Mexico,21.6345,-102.5528,2020-11-11,986177,7646,96430,588
317,Mexico,21.6345,-102.5528,2020-11-12,991835,5658,97056,626
318,Mexico,21.6345,-102.5528,2020-11-13,997393,5558,97624,568
319,Mexico,21.6345,-102.5528,2020-11-14,1003253,5860,98259,635
320,Mexico,21.6345,-102.5528,2020-11-15,1006522,3269,98542,283
321,Mexico,21.6345,-102.5528,2020-11-16,1009396,2874,98861,319
322,Mexico,21.6345,-102.5528,2020-11-17,1011153,1757,99026,165
323,Mexico,21.6345,-102.5528,2020-11-18,1015071,3918,99528,502
324,Mexico,21.6345,-102.5528,2020-11-19,1019543,4472,100104,576
325,Mexico,21.6345,-102.5528,2020-11-20,1025969,6426,100823,719
326,Mexico,21.6345,-102.5528,2020-11-21,1032688,6719,101373,550
327,Mexico,21.6345,-102.5528,2020-11-22,1041875,9187,101676,303
328,Mexico,21.6345,-102.5528,2020-11-23,1049358,7483,101926,250
329,Mexico,21.6345,-102.5528,2020-11-24,1060152,10794,102739,813
330,Mexico,21.6345,-102.5528,2020-11-25,1070487,10335,103597,858
331,Mexico,21.6345,-102.5528,2020-11-26,1078594,8107,104242,645
332,Mexico,21.6345,-102.5528,2020-11-27,1090675,12081,104873,631
333,Mexico,21.6345,-102.5528,2020-11-28,1100683,10008,105459,586
334,Mexico,21.6345,-102.5528,2020-11-29,1107071,6388,105655,196
335,Mexico,21.6345,-102.5528,2020-11-30,1113543,6472,105940,285
336,Mexico,21.6345,-102.5528,2020-12-01,1122362,8819,106765,825
337,Mexico,21.6345,-102.5528,2020-12-02,1133613,11251,107565,800
338,Mexico,21.6345,-102.5528,2020-12-03,1144643,11030,108173,608
339,Mexico,21.6345,-102.5528,2020-12-04,1156770,12127,108863,690
340,Mexico,21.6345,-102.5528,2020-12-05,1168395,11625,109456,593
341,Mexico,21.6345,-102.5528,2020-12-06,1175850,7455,109717,261
342,Mexico,21.6345,-102.5528,2020-12-07,1182249,6399,110074,357
343,Mexico,21.6345,-102.5528,2020-12-08,1193255,11006,110874,800
344,Mexico,21.6345,-102.5528,2020-12-09,1205229,11974,111655,781
345,Mexico,21.6345,-102.5528,2020-12-10,1217126,11897,112326,671
346,Mexico,21.6345,-102.5528,2020-12-11,1229379,12253,113019,693
347,Mexico,21.6345,-102.5528,2020-12-12,1241436,12057,113704,685
348,Mexico,21.6345,-102.5528,2020-12-13,1250044,8608,113953,249
349,Mexico,21.6345,-102.5528,2020-12-14,1255974,5930,114298,345
350,Mexico,21.6345,-102.5528,2020-12-15,1267202,11228,115099,801
351,Mexico,21.6345,-102.5528,2020-12-16,1277499,10297,115769,670
352,Mexico,21.6345,-102.5528,2020-12-17,1289298,11799,116487,718
353,Mexico,21.6345,-102.5528,2020-12-18,1301546,12248,117249,762
354,Mexico,21.6345,-102.5528,2020-12-19,1313675,12129,117876,627
355,Mexico,21.6345,-102.5528,2020-12-20,1320545,6870,118202,326
356,Mexico,21.6345,-102.5528,2020-12-21,1325915,5370,118598,396
357,Mexico,21.6345,-102.5528,2020-12-22,1338426,12511,119495,897
358,Mexico,21.6345,-102.5528,2020-12-23,1350079,11653,120311,816
359,Mexico,21.6345,-102.5528,2020-12-24,1362564,12485,121172,861
360,Mexico,21.6345,-102.5528,2020-12-25,1372243,9679,121837,665
361,Mexico,21.6345,-102.5528,2020-12-26,1377217,4974,122026,189
362,Mexico,21.6345,-102.5528,2020-12-27,1383434,6217,122426,400
363,Mexico,21.6345,-102.5528,2020-12-28,1389430,5996,122855,429
364,Mexico,21.6345,-102.5528,2020-12-29,1401529,12099,123845,990
365,Mexico,21.6345,-102.5528,2020-12-30,1413935,12406,124897,1052
366,Mexico,21.6345,-102.5528,2020-12-31,1426094,12159,125807,910
367,Mexico,21.6345,-102.5528,2021-01-01,1437185,11091,126507,700
368,Mexico,21.6345,-102.5528,2021-01-02,1443544,6359,126851,344
369,Mexico,21.6345,-102.5528,2021-01-03,1448755,5211,127213,362
370,Mexico,21.6345,-102.5528,2021-01-04,1455219,6464,127757,544
371,Mexico,21.6345,-102.5528,2021-01-05,1466490,11271,128822,1065
372,Mexico,21.6345,-102.5528,2021-01-06,1479875,13385,129987,1165
373,Mexico,21.6345,-102.5528,2021-01-07,1493569,13694,131031,1044
374,Mexico,21.6345,-102.5528,2021-01-08,1507931,14362,132069,1038
375,Mexico,21.6345,-102.5528,2021-01-09,1524036,16105,133204,1135
376,Mexico,21.6345,-102.5528,2021-01-10,1534039,10003,133706,502
377,Mexico,21.6345,-102.5528,2021-01-11,1541633,7594,134368,662
378,Mexico,21.6345,-102.5528,2021-01-12,1556028,14395,135682,1314
379,Mexico,21.6345,-102.5528,2021-01-13,1571901,15873,136917,1235
380,Mexico,21.6345,-102.5528,2021-01-14,1588369,16468,137916,999
381,Mexico,21.6345,-102.5528,2021-01-15,1609735,21366,139022,1106
382,Mexico,21.6345,-102.5528,2021-01-16,1630258,20523,140241,1219
383,Mexico,21.6345,-102.5528,2021-01-17,1641428,11170,140704,463
384,Mexico,21.6345,-102.5528,2021-01-18,1649502,8074,141248,544
385,Mexico,21.6345,-102.5528,2021-01-19,1668396,18894,142832,1584
386,Mexico,21.6345,-102.5528,2021-01-20,1688944,20548,144371,1539
387,Mexico,21.6345,-102.5528,2021-01-21,1711283,22339,146174,1803
388,Mexico,21.6345,-102.5528,2021-01-22,1732290,21007,147614,1440
389,Mexico,21.6345,-102.5528,2021-01-23,1752347,20057,149084,1470
390,Mexico,21.6345,-102.5528,2021-01-24,1763219,10872,149614,530
391,Mexico,21.6345,-102.5528,2021-01-25,1771740,8521,150273,659
392,Mexico,21.6345,-102.5528,2021-01-26,1778905,7165,152016,1743
393,Mexico,21.6345,-102.5528,2021-01-27,1806849,27944,153639,1623
394,Mexico,21.6345,-102.5528,2021-01-28,1825519,18670,155145,1506
395,Mexico,21.6345,-102.5528,2021-01-29,1841893,16374,156579,1434
396,Mexico,21.6345,-102.5528,2021-01-30,1857230,15337,158074,1495
397,Mexico,21.6345,-102.5528,2021-01-31,1864260,7030,158536,462
398,Mexico,21.6345,-102.5528,2021-02-01,1869708,5448,159100,564
399,Mexico,21.6345,-102.5528,2021-02-02,1874092,4384,159533,433
400,Mexico,21.6345,-102.5528,2021-02-03,1886245,12153,161240,1707
401,Mexico,21.6345,-102.5528,2021-02-04,1899820,13575,162922,1682
402,Mexico,21.6345,-102.5528,2021-02-05,1912871,13051,164290,1368
403,Mexico,21.6345,-102.5528,2021-02-06,1926080,13209,165786,1496
404,Mexico,21.6345,-102.5528,2021-02-07,1932145,6065,166200,414
405,Mexico,21.6345,-102.5528,2021-02-08,1936013,3868,166731,531
406,Mexico,21.6345,-102.5528,2021-02-09,1946751,10738,168432,1701
407,Mexico,21.6345,-102.5528,2021-02-10,1957889,11138,169760,1328
408,Mexico,21.6345,-102.5528,2021-02-11,1968566,10677,171234,1474
409,Mexico,21.6345,-102.5528,2021-02-12,1978954,10388,172557,1323
410,Mexico,21.6345,-102.5528,2021-02-13,1988695,9741,173771,1214
411,Mexico,21.6345,-102.5528,2021-02-14,1992794,4099,174207,436
412,Mexico,21.6345,-102.5528,2021-02-15,1995892,3098,174657,450
413,Mexico,21.6345,-102.5528,2021-02-16,2004575,8683,175986,1329
414,Mexico,21.6345,-102.5528,2021-02-17,2013563,8988,177061,1075
415,Mexico,21.6345,-102.5528,2021-02-18,2022662,9099,178108,1047
416,Mexico,21.6345,-102.5528,2021-02-19,2030491,7829,178965,857
417,Mexico,21.6345,-102.5528,2021-02-20,2038276,7785,179797,832
418,Mexico,21.6345,-102.5528,2021-02-21,2041380,3104,180107,310
419,Mexico,21.6345,-102.5528,2021-02-22,2043632,2252,180536,429
420,Mexico,21.6345,-102.5528,2021-02-23,2052266,8634,181809,1273
421,Mexico,21.6345,-102.5528,2021-02-24,2060908,8642,182815,1006
422,Mexico,21.6345,-102.5528,2021-02-25,2069370,8462,183692,877
423,Mexico,21.6345,-102.5528,2021-02-26,2076882,7512,184474,782
424,Mexico,21.6345,-102.5528,2021-02-27,2084128,7246,185257,783
425,Mexico,21.6345,-102.5528,2021-02-28,2086938,2810,185715,458
426,Mexico,21.6345,-102.5528,2021-03-01,2089281,2343,186152,437
427,Mexico,21.6345,-102.5528,2021-03-02,2097194,7913,187187,1035
428,Mexico,21.6345,-102.5528,2021-03-03,2104987,7793,188044,857
429,Mexico,21.6345,-102.5528,2021-03-04,2112508,7521,188866,822
430,Mexico,21.6345,-102.5528,2021-03-05,2119305,6797,189578,712
431,Mexico,21.6345,-102.5528,2021-03-06,2125866,6561,190357,779
432,Mexico,21.6345,-102.5528,2021-03-07,2128600,2734,190604,247
433,Mexico,21.6345,-102.5528,2021-03-08,2130477,1877,190923,319
434,Mexico,21.6345,-102.5528,2021-03-09,2137884,7407,191789,866
435,Mexico,21.6345,-102.5528,2021-03-10,2144558,6674,192488,699
436,Mexico,21.6345,-102.5528,2021-03-11,2151028,6470,193142,654
437,Mexico,21.6345,-102.5528,2021-03-12,2157771,6743,193851,709
438,Mexico,21.6345,-102.5528,2021-03-13,2163875,6104,194490,639
439,Mexico,21.6345,-102.5528,2021-03-14,2166290,2415,194710,220
440,Mexico,21.6345,-102.5528,2021-03-15,2167729,1439,194944,234
441,Mexico,21.6345,-102.5528,2021-03-16,2169007,1278,195119,175
442,Mexico,21.6345,-102.5528,2021-03-17,2175462,6455,195908,789
443,Mexico,21.6345,-102.5528,2021-03-18,2182188,6726,196606,698
444,Mexico,21.6345,-102.5528,2021-03-19,2187910,5722,197219,613
445,Mexico,21.6345,-102.5528,2021-03-20,2193639,5729,197827,608
446,Mexico,21.6345,-102.5528,2021-03-21,2195772,2133,198036,209
447,Mexico,21.6345,-102.5528,2021-03-22,2197160,1388,198239,203
448,Mexico,21.6345,-102.5528,2021-03-23,2203041,5881,199048,809
449,Mexico,21.6345,-102.5528,2021-03-24,2208755,5714,199627,579
450,Mexico,21.6345,-102.5528,2021-03-25,2214542,5787,200211,584
451,Mexico,21.6345,-102.5528,2021-03-26,2219845,5303,200862,651
452,Mexico,21.6345,-102.5528,2021-03-27,2224767,4922,201429,567
453,Mexico,21.6345,-102.5528,2021-03-28,2226550,1783,201623,194
454,Mexico,21.6345,-102.5528,2021-03-29,2227842,1292,201826,203
455,Mexico,21.6345,-102.5528,2021-03-30,2232910,5068,202633,807
456,Mexico,21.6345,-102.5528,2021-03-31,2238887,5977,203210,577
457,Mexico,21.6345,-102.5528,2021-04-01,2244268,5381,203664,454
458,Mexico,21.6345,-102.5528,2021-04-02,2247357,3089,203854,190
459,Mexico,21.6345,-102.5528,2021-04-03,2249195,1838,204011,157
460,Mexico,21.6345,-102.5528,2021-04-04,2250458,1263,204147,136
461,Mexico,21.6345,-102.5528,2021-04-05,2251705,1247,204399,252
462,Mexico,21.6345,-102.5528,2021-04-06,2256380,4675,205002,603
463,Mexico,21.6345,-102.5528,2021-04-07,2261879,5499,205598,596
464,Mexico,21.6345,-102.5528,2021-04-08,2267019,5140,206146,548
465,Mexico,21.6345,-102.5528,2021-04-09,2272064,5045,207020,874
466,Mexico,21.6345,-102.5528,2021-04-10,2278420,6356,209212,2192
467,Mexico,21.6345,-102.5528,2021-04-11,2280213,1793,209338,126
468,Mexico,21.6345,-102.5528,2021-04-12,2281840,1627,209702,364
469,Mexico,21.6345,-102.5528,2021-04-13,2286133,4293,210294,592
470,Mexico,21.6345,-102.5528,2021-04-14,2291246,5113,210812,518
471,Mexico,21.6345,-102.5528,2021-04-15,2295435,4189,211213,401
472,Mexico,21.6345,-102.5528,2021-04-16,2299939,4504,211693,480
473,Mexico,21.6345,-102.5528,2021-04-17,2304096,4157,212228,535
474,Mexico,21.6345,-102.5528,2021-04-18,2305602,1506,212339,111
475,Mexico,21.6345,-102.5528,2021-04-19,2306910,1308,212466,127
476,Mexico,21.6345,-102.5528,2021-04-20,2311172,4262,213048,582
477,Mexico,21.6345,-102.5528,2021-04-21,2315811,4639,213597,549
478,Mexico,21.6345,-102.5528,2021-04-22,2319519,3708,214095,498
479,Mexico,21.6345,-102.5528,2021-04-23,2323430,3911,214504,409
480,Mexico,21.6345,-102.5528,2021-04-24,2326738,3308,214853,349
481,Mexico,21.6345,-102.5528,2021-04-25,2328391,1653,214947,94
482,Mexico,21.6345,-102.5528,2021-04-26,2329534,1143,215113,166
483,Mexico,21.6345,-102.5528,2021-04-27,2333126,3592,215547,434
484,Mexico,21.6345,-102.5528,2021-04-28,2336944,3818,215918,371
485,Mexico,21.6345,-102.5528,2021-04-29,2340934,3990,216447,529
486,Mexico,21.6345,-102.5528,2021-04-30,2344755,3821,216907,460
487,Mexico,21.6345,-102.5528,2021-05-01,2347780,3025,217168,261
488,Mexico,21.6345,-102.5528,2021-05-02,2348873,1093,217233,65
489,Mexico,21.6345,-102.5528,2021-05-03,2349900,1027,217345,112
490,Mexico,21.6345,-102.5528,2021-05-04,2352964,3064,217740,395
491,Mexico,21.6345,-102.5528,2021-05-05,2355985,3021,218007,267
492,Mexico,21.6345,-102.5528,2021-05-06,2358831,2846,218173,166
493,Mexico,21.6345,-102.5528,2021-05-07,2361874,3043,218657,484
494,Mexico,21.6345,-102.5528,2021-05-08,2364617,2743,218928,271
495,Mexico,21.6345,-102.5528,2021-05-09,2365792,1175,218985,57
496,Mexico,21.6345,-102.5528,2021-05-10,2366496,704,219089,104
497,Mexico,21.6345,-102.5528,2021-05-11,2368393,1897,219323,234
498,Mexico,21.6345,-102.5528,2021-05-12,2371483,3090,219590,267
499,Mexico,21.6345,-102.5528,2021-05-13,2375115,3632,219901,311
500,Mexico,21.6345,-102.5528,2021-05-14,2377995,2880,220159,258
501,Mexico,21.6345,-102.5528,2021-05-15,2380690,2695,220380,221
502,Mexico,21.6345,-102.5528,2021-05-16,2381923,1233,220433,53
503,Mexico,21.6345,-102.5528,2021-05-17,2382745,822,220489,56
504,Mexico,21.6345,-102.5528,2021-05-18,2385512,2767,220746,257
505,Mexico,21.6345,-102.5528,2021-05-19,2387512,2000,220850,104
506,Mexico,21.6345,-102.5528,2021-05-20,2390140,2628,221080,230
507,Mexico,21.6345,-102.5528,2021-05-21,2392744,2604,221256,176
508,Mexico,21.6345,-102.5528,2021-05-22,2395330,2586,221597,341
509,Mexico,21.6345,-102.5528,2021-05-23,2396604,1274,221647,50
510,Mexico,21.6345,-102.5528,2021-05-24,2397307,703,221695,48
511,Mexico,21.6345,-102.5528,2021-05-25,2399790,2483,221960,265
512,Mexico,21.6345,-102.5528,2021-05-26,2402722,2932,222232,272
513,Mexico,21.6345,-102.5528,2021-05-27,2405722,3000,222657,425
514,Mexico,21.6345,-102.5528,2021-05-28,2408778,3056,223068,411
515,Mexico,21.6345,-102.5528,2021-05-29,2411503,2725,223455,387
516,Mexico,21.6345,-102.5528,2021-05-30,2412810,1307,223507,52
517,Mexico,21.6345,-102.5528,2021-05-31,2413742,932,223568,61
518,Mexico,21.6345,-102.5528,2021-06-01,2420659,6917,227840,4272
519,Mexico,21.6345,-102.5528,2021-06-02,2423928,3269,228146,306
520,Mexico,21.6345,-102.5528,2021-06-03,2426822,2894,228362,216
521,Mexico,21.6345,-102.5528,2021-06-04,2429631,2809,228568,206
522,Mexico,21.6345,-102.5528,2021-06-05,2432280,2649,228754,186
523,Mexico,21.6345,-102.5528,2021-06-06,2433681,1401,228804,50
524,Mexico,21.6345,-102.5528,2021-06-07,2434562,881,228838,34
525,Mexico,21.6345,-102.5528,2021-06-08,2438011,3449,229100,262
526,Mexico,21.6345,-102.5528,2021-06-09,2441866,3855,229353,253
527,Mexico,21.6345,-102.5528,2021-06-10,2445538,3672,229578,225
528,Mexico,21.6345,-102.5528,2021-06-11,2448820,3282,229821,243
529,Mexico,21.6345,-102.5528,2021-06-12,2452469,3649,230095,274
530,Mexico,21.6345,-102.5528,2021-06-13,2454176,1707,230148,53
531,Mexico,21.6345,-102.5528,2021-06-14,2455351,1175,230185,37
532,Mexico,21.6345,-102.5528,2021-06-15,2459601,4250,230424,239
533,Mexico,21.6345,-102.5528,2021-06-16,2463390,3789,230624,200
534,Mexico,21.6345,-102.5528,2021-06-17,2467643,4253,230792,168
535,Mexico,21.6345,-102.5528,2021-06-18,2471741,4098,230959,167
536,Mexico,21.6345,-102.5528,2021-06-19,2475705,3964,231151,192
537,Mexico,21.6345,-102.5528,2021-06-20,2477283,1578,231187,36
538,Mexico,21.6345,-102.5528,2021-06-21,2478551,1268,231244,57
539,Mexico,21.6345,-102.5528,2021-06-22,2482784,4233,231505,261
540,Mexico,21.6345,-102.5528,2021-06-23,2487747,4963,231847,342
541,Mexico,21.6345,-102.5528,2021-06-24,2493087,5340,232068,221
542,Mexico,21.6345,-102.5528,2021-06-25,2498357,5270,232346,278
543,Mexico,21.6345,-102.5528,2021-06-26,2503408,5051,232521,175
544,Mexico,21.6345,-102.5528,2021-06-27,2505792,2384,232564,43
545,Mexico,21.6345,-102.5528,2021-06-28,2507453,1661,232608,44
546,Mexico,21.6345,-102.5528,2021-06-29,2513164,5711,232803,195
547,Mexico,21.6345,-102.5528,2021-06-30,2519269,6105,233047,244
548,Mexico,21.6345,-102.5528,2021-07-01,2525350,6081,233248,201
549,Mexico,21.6345,-102.5528,2021-07-02,2531229,5879,233425,177
550,Mexico,21.6345,-102.5528,2021-07-03,2537457,6228,233580,155
551,Mexico,21.6345,-102.5528,2021-07-04,2540068,2611,233622,42
552,Mexico,21.6345,-102.5528,2021-07-05,2541873,1805,233689,67
553,Mexico,21.6345,-102.5528,2021-07-06,2549862,7989,233958,269
554,Mexico,21.6345,-102.5528,2021-07-07,2558369,8507,234192,234
555,Mexico,21.6345,-102.5528,2021-07-08,2567821,9452,234458,266
556,Mexico,21.6345,-102.5528,2021-07-09,2577140,9319,234675,217
557,Mexico,21.6345,-102.5528,2021-07-10,2586721,9581,234907,232
558,Mexico,21.6345,-102.5528,2021-07-11,2590500,3779,234969,62
559,Mexico,21.6345,-102.5528,2021-07-12,2593574,3074,235058,89
560,Mexico,21.6345,-102.5528,2021-07-13,2604711,11137,235277,219
561,Mexico,21.6345,-102.5528,2021-07-14,2616827,12116,235507,230
562,Mexico,21.6345,-102.5528,2021-07-15,2629648,12821,235740,233
563,Mexico,21.6345,-102.5528,2021-07-16,2642068,12420,236015,275
564,Mexico,21.6345,-102.5528,2021-07-17,2654699,12631,236240,225
565,Mexico,21.6345,-102.5528,2021-07-18,2659137,4438,236331,91
566,Mexico,21.6345,-102.5528,2021-07-19,2664444,5307,236469,138
567,Mexico,21.6345,-102.5528,2021-07-20,2678297,13853,236810,341
568,Mexico,21.6345,-102.5528,2021-07-21,2693495,15198,237207,397
569,Mexico,21.6345,-102.5528,2021-07-22,2709739,16244,237626,419
570,Mexico,21.6345,-102.5528,2021-07-23,2726160,16421,237954,328
571,Mexico,21.6345,-102.5528,2021-07-24,2741983,15823,238316,362
572,Mexico,21.6345,-102.5528,2021-07-25,2748518,6535,238424,108
573,Mexico,21.6345,-102.5528,2021-07-26,2754438,5920,238595,171
574,Mexico,21.6345,-102.5528,2021-07-27,2771846,17408,239079,484
575,Mexico,21.6345,-102.5528,2021-07-28,2790874,19028,239616,537
576,Mexico,21.6345,-102.5528,2021-07-29,2810097,19223,239997,381
577,Mexico,21.6345,-102.5528,2021-07-30,2829443,19346,240456,459
578,Mexico,21.6345,-102.5528,2021-07-31,2848252,18809,240906,450
579,Mexico,21.6345,-102.5528,2021-08-01,2854992,6740,241034,128
580,Mexico,21.6345,-102.5528,2021-08-02,2861498,6506,241279,245
581,Mexico,21.6345,-102.5528,2021-08-03,2880409,18911,241936,657
582,Mexico,21.6345,-102.5528,2021-08-04,2901094,20685,242547,611
583,Mexico,21.6345,-102.5528,2021-08-05,2922663,21569,243165,618
584,Mexico,21.6345,-102.5528,2021-08-06,2944226,21563,243733,568
585,Mexico,21.6345,-102.5528,2021-08-07,2964244,20018,244248,515
586,Mexico,21.6345,-102.5528,2021-08-08,2971817,7573,244420,172
587,Mexico,21.6345,-102.5528,2021-08-09,2978330,6513,244690,270
588,Mexico,21.6345,-102.5528,2021-08-10,2997885,19555,245476,786
589,Mexico,21.6345,-102.5528,2021-08-11,3020596,22711,246596,1120
590,Mexico,21.6345,-102.5528,2021-08-12,3045571,24975,246811,215
591,Mexico,21.6345,-102.5528,2021-08-13,3068329,22758,247414,603
592,Mexico,21.6345,-102.5528,2021-08-14,3091971,23642,248167,753
593,Mexico,21.6345,-102.5528,2021-08-15,3101266,9295,248380,213
594,Mexico,21.6345,-102.5528,2021-08-16,3108438,7172,248652,272
595,Mexico,21.6345,-102.5528,2021-08-17,3123252,14814,249529,877
596,Mexico,21.6345,-102.5528,2021-08-18,3152205,28953,250469,940
597,Mexico,21.6345,-102.5528,2021-08-19,3175211,23006,251319,850
598,Mexico,21.6345,-102.5528,2021-08-20,3197108,21897,252080,761
599,Mexico,21.6345,-102.5528,2021-08-21,3217415,20307,252927,847
600,Mexico,21.6345,-102.5528,2021-08-22,3225073,7658,253155,228
601,Mexico,21.6345,-102.5528,2021-08-23,3231616,6543,253526,371
602,Mexico,21.6345,-102.5528,2021-08-24,3249878,18262,254466,940
603,Mexico,21.6345,-102.5528,2021-08-25,3271128,21250,255452,986
604,Mexico,21.6345,-102.5528,2021-08-26,3291761,20633,256287,835
605,Mexico,21.6345,-102.5528,2021-08-27,3311317,19556,257150,863
606,Mexico,21.6345,-102.5528,2021-08-28,3328863,17546,257906,756
607,Mexico,21.6345,-102.5528,2021-08-29,3335700,6837,258165,259
608,Mexico,21.6345,-102.5528,2021-08-30,3341264,5564,258491,326
609,Mexico,21.6345,-102.5528,2021-08-31,3352410,11146,259326,835
610,Mexico,21.6345,-102.5528,2021-09-01,3369747,17337,260503,1177
611,Mexico,21.6345,-102.5528,2021-09-02,3387885,18138,261496,993
612,Mexico,21.6345,-102.5528,2021-09-03,3405294,17409,262221,725
613,Mexico,21.6345,-102.5528,2021-09-04,3420880,15586,262868,647
614,Mexico,21.6345,-102.5528,2021-09-05,3428384,7504,263140,272
615,Mexico,21.6345,-102.5528,2021-09-06,3433511,5127,263470,330
616,Mexico,21.6345,-102.5528,2021-09-07,3449295,15784,264541,1071
617,Mexico,21.6345,-102.5528,2021-09-08,3465171,15876,265420,879
618,Mexico,21.6345,-102.5528,2021-09-09,3479999,14828,266150,730
619,Mexico,21.6345,-102.5528,2021-09-10,3494232,14233,266849,699
620,Mexico,21.6345,-102.5528,2021-09-11,3506743,12511,267524,675
621,Mexico,21.6345,-102.5528,2021-09-12,3511882,5139,267748,224
622,Mexico,21.6345,-102.5528,2021-09-13,3516043,4161,267969,221
623,Mexico,21.6345,-102.5528,2021-09-14,3528972,12929,269015,1046
624,Mexico,21.6345,-102.5528,2021-09-15,3542189,13217,269912,897
625,Mexico,21.6345,-102.5528,2021-09-16,3549229,7040,270346,434
626,Mexico,21.6345,-102.5528,2021-09-17,3552983,3754,270538,192
627,Mexico,21.6345,-102.5528,2021-09-18,3564694,11711,271303,765
628,Mexico,21.6345,-102.5528,2021-09-19,3569677,4983,271503,200
629,Mexico,21.6345,-102.5528,2021-09-20,3573044,3367,271765,262
630,Mexico,21.6345,-102.5528,2021-09-21,3585565,12521,272580,815
631,Mexico,21.6345,-102.5528,2021-09-22,3597168,11603,273391,811
632,Mexico,21.6345,-102.5528,2021-09-23,3608976,11808,274139,748
633,Mexico,21.6345,-102.5528,2021-09-24,3619115,10139,274703,564
634,Mexico,21.6345,-102.5528,2021-09-25,3628812,9697,275299,596
635,Mexico,21.6345,-102.5528,2021-09-26,3632800,3988,275446,147
636,Mexico,21.6345,-102.5528,2021-09-27,3635807,3007,275676,230
637,Mexico,21.6345,-102.5528,2021-09-28,3645599,9792,276376,700
638,Mexico,21.6345,-102.5528,2021-09-29,3655395,9796,276972,596
639,Mexico,21.6345,-102.5528,2021-09-30,3664223,8828,277505,533
640,Mexico,21.6345,-102.5528,2021-10-01,3671611,7388,277976,471
641,Mexico,21.6345,-102.5528,2021-10-02,3678980,7369,278590,614
642,Mexico,21.6345,-102.5528,2021-10-03,3681960,2980,278801,211
643,Mexico,21.6345,-102.5528,2021-10-04,3684242,2282,279104,303
644,Mexico,21.6345,-102.5528,2021-10-05,3691924,7682,279894,790
645,Mexico,21.6345,-102.5528,2021-10-06,3699621,7697,280607,713
646,Mexico,21.6345,-102.5528,2021-10-07,3707234,7613,281121,514
647,Mexico,21.6345,-102.5528,2021-10-08,3714392,7158,281610,489
648,Mexico,21.6345,-102.5528,2021-10-09,3720545,6153,281958,348
649,Mexico,21.6345,-102.5528,2021-10-10,3723235,2690,282086,128
650,Mexico,21.6345,-102.5528,2021-10-11,3725242,2007,282227,141
651,Mexico,21.6345,-102.5528,2021-10-12,3732429,7187,282773,546
652,Mexico,21.6345,-102.5528,2021-10-13,3738749,6320,283193,420
653,Mexico,21.6345,-102.5528,2021-10-14,3744574,5825,283574,381
654,Mexico,21.6345,-102.5528,2021-10-15,3749860,5286,284008,434
655,Mexico,21.6345,-102.5528,2021-10-16,3755063,5203,284321,313
656,Mexico,21.6345,-102.5528,2021-10-17,3757056,1993,284381,60
657,Mexico,21.6345,-102.5528,2021-10-18,3758469,1413,284477,96
658,Mexico,21.6345,-102.5528,2021-10-19,3762689,4220,284923,446
659,Mexico,21.6345,-102.5528,2021-10-20,3767758,5069,285347,424
660,Mexico,21.6345,-102.5528,2021-10-21,3772556,4798,285669,322
661,Mexico,21.6345,-102.5528,2021-10-22,3777209,4653,285953,284
662,Mexico,21.6345,-102.5528,2021-10-23,3781661,4452,286259,306
663,Mexico,21.6345,-102.5528,2021-10-24,3783327,1666,286346,87
664,Mexico,21.6345,-102.5528,2021-10-25,3784448,1121,286496,150
665,Mexico,21.6345,-102.5528,2021-10-26,3788986,4538,286888,392
666,Mexico,21.6345,-102.5528,2021-10-27,3793783,4797,287274,386
667,Mexico,21.6345,-102.5528,2021-10-28,3798286,4503,287631,357
668,Mexico,21.6345,-102.5528,2021-10-29,3802287,4001,287951,320
669,Mexico,21.6345,-102.5528,2021-10-30,3805765,3478,288276,325
670,Mexico,21.6345,-102.5528,2021-10-31,3807211,1446,288365,89
671,Mexico,21.6345,-102.5528,2021-11-01,3808205,994,288464,99
672,Mexico,21.6345,-102.5528,2021-11-02,3811793,3588,288733,269
673,Mexico,21.6345,-102.5528,2021-11-03,3814453,2660,288887,154
674,Mexico,21.6345,-102.5528,2021-11-04,3818216,3763,289131,244
675,Mexico,21.6345,-102.5528,2021-11-05,3821830,3614,289413,282
676,Mexico,21.6345,-102.5528,2021-11-06,3825404,3574,289674,261
677,Mexico,21.6345,-102.5528,2021-11-07,3826786,1382,289764,90
678,Mexico,21.6345,-102.5528,2021-11-08,3827596,810,289811,47
679,Mexico,21.6345,-102.5528,2021-11-09,3831259,3663,290110,299
680,Mexico,21.6345,-102.5528,2021-11-10,3834815,3556,290374,264
681,Mexico,21.6345,-102.5528,2021-11-11,3838308,3493,290630,256
682,Mexico,21.6345,-102.5528,2021-11-12,3841661,3353,290872,242
683,Mexico,21.6345,-102.5528,2021-11-13,3844791,3130,291089,217
684,Mexico,21.6345,-102.5528,2021-11-14,3845733,942,291147,58
685,Mexico,21.6345,-102.5528,2021-11-15,3846508,775,291204,57
686,Mexico,21.6345,-102.5528,2021-11-16,3847243,735,291241,37
687,Mexico,21.6345,-102.5528,2021-11-17,3851079,3836,291573,332
688,Mexico,21.6345,-102.5528,2021-11-18,3854994,3915,291929,356
689,Mexico,21.6345,-102.5528,2021-11-19,3858831,3837,292145,216
690,Mexico,21.6345,-102.5528,2021-11-20,3862137,3306,292372,227
691,Mexico,21.6345,-102.5528,2021-11-21,3863362,1225,292471,99
692,Mexico,21.6345,-102.5528,2021-11-22,3864278,916,292524,53
693,Mexico,21.6345,-102.5528,2021-11-23,3867976,3698,292850,326
694,Mexico,21.6345,-102.5528,2021-11-24,3872263,4287,293186,336
695,Mexico,21.6345,-102.5528,2021-11-25,3876391,4128,293449,263
696,Mexico,21.6345,-102.5528,2021-11-26,3879836,3445,293614,165
697,Mexico,21.6345,-102.5528,2021-11-27,3882792,2956,293859,245
698,Mexico,21.6345,-102.5528,2021-11-28,3883842,1050,293897,38
699,Mexico,21.6345,-102.5528,2021-11-29,3884566,724,293950,53
700,Mexico,21.6345,-102.5528,2021-11-30,3887873,3307,294246,296
701,Mexico,21.6345,-102.5528,2021-12-01,3891218,3345,294428,182
702,Mexico,21.6345,-102.5528,2021-12-02,3894364,3146,294715,287
703,Mexico,21.6345,-102.5528,2021-12-03,3897452,3088,294903,188
704,Mexico,21.6345,-102.5528,2021-12-04,3900293,2841,295154,251
705,Mexico,21.6345,-102.5528,2021-12-05,3901263,970,295202,48
706,Mexico,21.6345,-102.5528,2021-12-06,3902015,752,295312,110
707,Mexico,21.6345,-102.5528,2021-12-07,3905319,3304,295601,289
708,Mexico,21.6345,-102.5528,2021-12-08,3908534,3215,295893,292
709,Mexico,21.6345,-102.5528,2021-12-09,3911714,3180,296186,293
710,Mexico,21.6345,-102.5528,2021-12-10,3914706,2992,296385,199
711,Mexico,21.6345,-102.5528,2021-12-11,3917361,2655,296620,235
712,Mexico,21.6345,-102.5528,2021-12-12,3918216,855,296672,52
713,Mexico,21.6345,-102.5528,2021-12-13,3918987,771,296721,49
714,Mexico,21.6345,-102.5528,2021-12-14,3921682,2695,296983,262
715,Mexico,21.6345,-102.5528,2021-12-15,3924638,2956,297187,204
716,Mexico,21.6345,-102.5528,2021-12-16,3927265,2627,297356,169
717,Mexico,21.6345,-102.5528,2021-12-17,3930015,2750,297567,211
718,Mexico,21.6345,-102.5528,2021-12-18,3932545,2530,297835,268
719,Mexico,21.6345,-102.5528,2021-12-19,3933386,841,297858,23
720,Mexico,21.6345,-102.5528,2021-12-20,3934102,716,297916,58
721,Mexico,21.6345,-102.5528,2021-12-21,3937082,2980,298161,245
722,Mexico,21.6345,-102.5528,2021-12-22,3940401,3319,298359,198
723,Mexico,21.6345,-102.5528,2021-12-23,3943764,3363,298508,149
724,Mexico,21.6345,-102.5528,2021-12-24,3947284,3520,298640,132
725,Mexico,21.6345,-102.5528,2021-12-25,3950200,2916,298759,119
726,Mexico,21.6345,-102.5528,2021-12-26,3951003,803,298777,18
727,Mexico,21.6345,-102.5528,2021-12-27,3951946,943,298819,42
728,Mexico,21.6345,-102.5528,2021-12-28,3956372,4426,298944,125
729,Mexico,21.6345,-102.5528,2021-12-29,3961662,5290,299132,188
730,Mexico,21.6345,-102.5528,2021-12-30,3969686,8024,299285,153
731,Mexico,21.6345,-102.5528,2021-12-31,3979723,10037,299428,143
732,Mexico,21.6345,-102.5528,2022-01-01,3988916,9193,299525,97
733,Mexico,21.6345,-102.5528,2022-01-02,3990587,1671,299544,19
734,Mexico,21.6345,-102.5528,2022-01-03,3993464,2877,299581,37
735,Mexico,21.6345,-102.5528,2022-01-04,4008648,15184,299711,130
736,Mexico,21.6345,-102.5528,2022-01-05,4029274,20626,299805,94
737,Mexico,21.6345,-102.5528,2022-01-06,4055095,25821,299933,128
738,Mexico,21.6345,-102.5528,2022-01-07,4083118,28023,300101,168
739,Mexico,21.6345,-102.5528,2022-01-08,4113789,30671,300303,202
740,Mexico,21.6345,-102.5528,2022-01-09,4125388,11599,300334,31
741,Mexico,21.6345,-102.5528,2022-01-10,4136440,11052,300412,78
742,Mexico,21.6345,-102.5528,2022-01-11,4170066,33626,300574,162
743,Mexico,21.6345,-102.5528,2022-01-12,4214253,44187,300764,190
744,Mexico,21.6345,-102.5528,2022-01-13,4257776,43523,300912,148
745,Mexico,21.6345,-102.5528,2022-01-14,4302069,44293,301107,195
746,Mexico,21.6345,-102.5528,2022-01-15,4349182,47113,301334,227
747,Mexico,21.6345,-102.5528,2022-01-16,4368314,19132,301410,76
748,Mexico,21.6345,-102.5528,2022-01-17,4385415,17101,301469,59
749,Mexico,21.6345,-102.5528,2022-01-18,4434758,49343,301789,320
750,Mexico,21.6345,-102.5528,2022-01-19,4495310,60552,302112,323
751,Mexico,21.6345,-102.5528,2022-01-20,4545638,50328,302390,278
752,Mexico,21.6345,-102.5528,2022-01-21,4595589,49951,302721,331
753,Mexico,21.6345,-102.5528,2022-01-22,4646957,51368,303085,364
754,Mexico,21.6345,-102.5528,2022-01-23,4667829,20872,303183,98
755,Mexico,21.6345,-102.5528,2022-01-24,4685767,17938,303301,118
756,Mexico,21.6345,-102.5528,2022-01-25,4730669,44902,303776,475
757,Mexico,21.6345,-102.5528,2022-01-26,4779296,48627,304308,532
758,Mexico,21.6345,-102.5528,2022-01-27,4828446,49150,304803,495
759,Mexico,21.6345,-102.5528,2022-01-28,4873561,45115,305240,437
760,Mexico,21.6345,-102.5528,2022-01-29,4916143,42582,305762,522
761,Mexico,21.6345,-102.5528,2022-01-30,4930069,13926,305893,131
762,Mexico,21.6345,-102.5528,2022-01-31,4942590,12521,306091,198
763,Mexico,21.6345,-102.5528,2022-02-01,4985689,43099,306920,829
764,Mexico,21.6345,-102.5528,2022-02-02,5027870,42181,307493,573
765,Mexico,21.6345,-102.5528,2022-02-03,5068985,41115,308141,648
766,Mexico,21.6345,-102.5528,2022-02-04,5106048,37063,308829,688
767,Mexico,21.6345,-102.5528,2022-02-05,5141291,35243,309417,588
768,Mexico,21.6345,-102.5528,2022-02-06,5151525,10234,309546,129
769,Mexico,21.6345,-102.5528,2022-02-07,5160767,9242,309752,206
770,Mexico,21.6345,-102.5528,2022-02-08,5167110,6343,309884,132
771,Mexico,21.6345,-102.5528,2022-02-09,5192008,24898,310627,743
772,Mexico,21.6345,-102.5528,2022-02-10,5226269,34261,311554,927
773,Mexico,21.6345,-102.5528,2022-02-11,5257605,31336,311697,143
774,Mexico,21.6345,-102.5528,2022-02-12,5283852,26247,312118,421
775,Mexico,21.6345,-102.5528,2022-02-13,5292706,8854,312819,701
776,Mexico,21.6345,-102.5528,2022-02-14,5300537,7831,312965,146
777,Mexico,21.6345,-102.5528,2022-02-15,5321744,21207,313608,643
778,Mexico,21.6345,-102.5528,2022-02-16,5344840,23096,314128,520
779,Mexico,21.6345,-102.5528,2022-02-17,5366405,21565,314598,470
780,Mexico,21.6345,-102.5528,2022-02-18,5387854,21449,315055,457
781,Mexico,21.6345,-102.5528,2022-02-19,5407711,19857,315525,470
782,Mexico,21.6345,-102.5528,2022-02-20,5413425,5714,315688,163
783,Mexico,21.6345,-102.5528,2022-02-21,5418257,4832,315786,98
784,Mexico,21.6345,-102.5528,2022-02-22,5436566,18309,316492,706
785,Mexico,21.6345,-102.5528,2022-02-23,5455237,18671,316941,449
786,Mexico,21.6345,-102.5528,2022-02-24,5473489,18252,317303,362
787,Mexico,21.6345,-102.5528,2022-02-25,5489127,15638,317683,380
788,Mexico,21.6345,-102.5528,2022-02-26,5502586,13459,318014,331
789,Mexico,21.6345,-102.5528,2022-02-27,5506105,3519,318086,72
790,Mexico,21.6345,-102.5528,2022-02-28,5508629,2524,318149,63
791,Mexico,21.6345,-102.5528,2022-03-01,5521744,13115,318531,382
792,Mexico,21.6345,-102.5528,2022-03-02,5534086,12342,318835,304
793,Mexico,21.6345,-102.5528,2022-03-03,5544644,10558,319296,461
794,Mexico,21.6345,-102.5528,2022-03-04,5554392,9748,319604,308
795,Mexico,21.6345,-102.5528,2022-03-05,5563080,8688,319824,220
796,Mexico,21.6345,-102.5528,2022-03-06,5564985,1905,319859,35
797,Mexico,21.6345,-102.5528,2022-03-07,5566669,1684,319901,42
798,Mexico,21.6345,-102.5528,2022-03-08,5575608,8939,320166,265
799,Mexico,21.6345,-102.5528,2022-03-09,5583773,8165,320410,244
800,Mexico,21.6345,-102.5528,2022-03-10,5591871,8098,320607,197
801,Mexico,21.6345,-102.5528,2022-03-11,5599284,7413,320851,244
802,Mexico,21.6345,-102.5528,2022-03-12,5605636,6352,321054,203
803,Mexico,21.6345,-102.5528,2022-03-13,5606827,1191,321103,49
804,Mexico,21.6345,-102.5528,2022-03-14,5607845,1018,321115,12
805,Mexico,21.6345,-102.5528,2022-03-15,5613870,6025,321375,260
806,Mexico,21.6345,-102.5528,2022-03-16,5619780,5910,321619,244
807,Mexico,21.6345,-102.5528,2022-03-17,5624954,5174,321806,187
808,Mexico,21.6345,-102.5528,2022-03-18,5629814,4860,321931,125
809,Mexico,21.6345,-102.5528,2022-03-19,5633928,4114,322072,141
810,Mexico,21.6345,-102.5528,2022-03-20,5634829,901,322092,20
811,Mexico,21.6345,-102.5528,2022-03-21,5635500,671,322107,15
812,Mexico,21.6345,-102.5528,2022-03-22,5636054,554,322119,12
813,Mexico,21.6345,-102.5528,2022-03-23,5640305,4251,322277,158
814,Mexico,21.6345,-102.5528,2022-03-24,5643963,3658,322432,155
815,Mexico,21.6345,-102.5528,2022-03-25,5647041,3078,322634,202
816,Mexico,21.6345,-102.5528,2022-03-26,5649977,2936,322735,101
817,Mexico,21.6345,-102.5528,2022-03-27,5650896,919,322750,15
818,Mexico,21.6345,-102.5528,2022-03-28,5651553,657,322761,11
819,Mexico,21.6345,-102.5528,2022-03-29,5654311,2758,322845,84
820,Mexico,21.6345,-102.5528,2022-03-30,5657077,2766,322948,103
821,Mexico,21.6345,-102.5528,2022-03-31,5659535,2458,323016,68
822,Mexico,21.6345,-102.5528,2022-04-01,5662073,2538,323127,111
823,Mexico,21.6345,-102.5528,2022-04-02,5665376,3303,323212,85
824,Mexico,21.6345,-102.5528,2022-04-03,5666215,839,323223,11
825,Mexico,21.6345,-102.5528,2022-04-04,5666921,706,323235,12
826,Mexico,21.6345,-102.5528,2022-04-05,5671144,4223,323318,83
827,Mexico,21.6345,-102.5528,2022-04-06,5683288,12144,323403,85
828,Mexico,21.6345,-102.5528,2022-04-07,5715504,32216,323508,105
829,Mexico,21.6345,-102.5528,2022-04-08,5719829,4325,323595,87
830,Mexico,21.6345,-102.5528,2022-04-09,5722541,2712,323720,125
831,Mexico,21.6345,-102.5528,2022-04-10,5722933,392,323725,5
832,Mexico,21.6345,-102.5528,2022-04-11,5723214,281,323727,2
833,Mexico,21.6345,-102.5528,2022-04-12,5723862,648,323805,78
834,Mexico,21.6345,-102.5528,2022-04-13,5724611,749,323848,43
835,Mexico,21.6345,-102.5528,2022-04-14,5725075,464,323891,43
836,Mexico,21.6345,-102.5528,2022-04-15,5725476,401,323903,12
837,Mexico,21.6345,-102.5528,2022-04-16,5726668,1192,323938,35
838,Mexico,21.6345,-102.5528,2022-04-17,5727668,1000,323944,6
839,Mexico,21.6345,-102.5528,2022-04-18,5727832,164,323949,5
840,Mexico,21.6345,-102.5528,2022-04-19,5729270,1438,323973,24
841,Mexico,21.6345,-102.5528,2022-04-20,5730560,1290,324004,31
842,Mexico,21.6345,-102.5528,2022-04-21,5731635,1075,324033,29
843,Mexico,21.6345,-102.5528,2022-04-22,5732712,1077,324060,27
844,Mexico,21.6345,-102.5528,2022-04-23,5733514,802,324117,57
845,Mexico,21.6345,-102.5528,2022-04-24,5733785,271,324129,12
846,Mexico,21.6345,-102.5528,2022-04-25,5733925,140,324134,5
847,Mexico,21.6345,-102.5528,2022-04-26,5735115,1190,324173,39
848,Mexico,21.6345,-102.5528,2022-04-27,5736579,1464,324221,48
849,Mexico,21.6345,-102.5528,2022-04-28,5737811,1232,324254,33
850,Mexico,21.6345,-102.5528,2022-04-29,5738769,958,324294,40
851,Mexico,21.6345,-102.5528,2022-04-30,5739680,911,324334,40
852,Mexico,21.6345,-102.5528,2022-05-01,5739680,0,324334,0
853,Mexico,21.6345,-102.5528,2022-05-02,5740080,400,324350,16
854,Mexico,21.6345,-102.5528,2022-05-03,5740080,0,324350,0
855,Mexico,21.6345,-102.5528,2022-05-04,5740080,0,324350,0
856,Mexico,21.6345,-102.5528,2022-05-05,5740080,0,324350,0
857,Mexico,21.6345,-102.5528,2022-05-06,5740080,0,324350,0
858,Mexico,21.6345,-102.5528,2022-05-07,5740080,0,324350,0
859,Mexico,21.6345,-102.5528,2022-05-08,5740080,0,324350,0
860,Mexico,21.6345,-102.5528,2022-05-09,5745652,5572,324465,115
861,Mexico,21.6345,-102.5528,2022-05-10,5745652,0,324465,0
862,Mexico,21.6345,-102.5528,2022-05-11,5745652,0,324465,0
863,Mexico,21.6345,-102.5528,2022-05-12,5745652,0,324465,0
864,Mexico,21.6345,-102.5528,2022-05-13,5745652,0,324465,0
865,Mexico,21.6345,-102.5528,2022-05-14,5745652,0,324465,0
866,Mexico,21.6345,-102.5528,2022-05-15,5745652,0,324465,0
867,Mexico,21.6345,-102.5528,2022-05-16,5752441,6789,324617,152
868,Mexico,21.6345,-102.5528,2022-05-17,5752441,0,324617,0
869,Mexico,21.6345,-102.5528,2022-05-18,5752441,0,324617,0
870,Mexico,21.6345,-102.5528,2022-05-19,5752441,0,324617,0
871,Mexico,21.6345,-102.5528,2022-05-20,5752441,0,324617,0
872,Mexico,21.6345,-102.5528,2022-05-21,5752441,0,324617,0
873,Mexico,21.6345,-102.5528,2022-05-22,5752441,0,324617,0
874,Mexico,21.6345,-102.5528,2022-05-23,5759773,7332,324768,151
875,Mexico,21.6345,-102.5528,2022-05-24,5759773,0,324768,0
876,Mexico,21.6345,-102.5528,2022-05-25,5759773,0,324768,0
877,Mexico,21.6345,-102.5528,2022-05-26,5759773,0,324768,0
878,Mexico,21.6345,-102.5528,2022-05-27,5759773,0,324768,0
879,Mexico,21.6345,-102.5528,2022-05-28,5759773,0,324768,0
880,Mexico,21.6345,-102.5528,2022-05-29,5759773,0,324768,0
881,Mexico,21.6345,-102.5528,2022-05-30,5770862,11089,324854,86
882,Mexico,21.6345,-102.5528,2022-05-31,5770862,0,324854,0
883,Mexico,21.6345,-102.5528,2022-06-01,5770862,0,324854,0
884,Mexico,21.6345,-102.5528,2022-06-02,5770862,0,324854,0
885,Mexico,21.6345,-102.5528,2022-06-03,5770862,0,324854,0
886,Mexico,21.6345,-102.5528,2022-06-04,5770862,0,324854,0
887,Mexico,21.6345,-102.5528,2022-06-05,5770862,0,324854,0
888,Mexico,21.6345,-102.5528,2022-06-06,5789401,18539,325000,146
889,Mexico,21.6345,-102.5528,2022-06-07,5797427,8026,325042,42
890,Mexico,21.6345,-102.5528,2022-06-08,5802672,5245,325055,13
891,Mexico,21.6345,-102.5528,2022-06-09,5808696,6024,325091,36
892,Mexico,21.6345,-102.5528,2022-06-10,5814866,6170,325144,53
893,Mexico,21.6345,-102.5528,2022-06-11,5821262,6396,325186,42
894,Mexico,21.6345,-102.5528,2022-06-12,5823844,2582,325194,8
895,Mexico,21.6345,-102.5528,2022-06-13,5825532,1688,325205,11
896,Mexico,21.6345,-102.5528,2022-06-14,5833738,8206,325242,37
897,Mexico,21.6345,-102.5528,2022-06-15,5843190,9452,325271,29
898,Mexico,21.6345,-102.5528,2022-06-16,5852596,9406,325340,69
899,Mexico,21.6345,-102.5528,2022-06-17,5862554,9958,325359,19
900,Mexico,21.6345,-102.5528,2022-06-18,5872196,9642,325398,39
901,Mexico,21.6345,-102.5528,2022-06-19,5875705,3509,325408,10
902,Mexico,21.6345,-102.5528,2022-06-20,5877837,2132,325417,9
903,Mexico,21.6345,-102.5528,2022-06-21,5891589,13752,325458,41
904,Mexico,21.6345,-102.5528,2022-06-22,5906953,15364,325487,29
905,Mexico,21.6345,-102.5528,2022-06-23,5923086,16133,325511,24
906,Mexico,21.6345,-102.5528,2022-06-24,5940518,17432,325553,42
907,Mexico,21.6345,-102.5528,2022-06-25,5956732,16214,325576,23
908,Mexico,21.6345,-102.5528,2022-06-26,5962615,5883,325580,4
909,Mexico,21.6345,-102.5528,2022-06-27,5965958,3343,325596,16
910,Mexico,21.6345,-102.5528,2022-06-28,5986917,20959,325638,42
911,Mexico,21.6345,-102.5528,2022-06-29,6010065,23148,325669,31
912,Mexico,21.6345,-102.5528,2022-06-30,6034602,24537,325716,47
913,Mexico,21.6345,-102.5528,2022-07-01,6058689,24087,325747,31
914,Mexico,21.6345,-102.5528,2022-07-02,6083299,24610,325775,28
915,Mexico,21.6345,-102.5528,2022-07-03,6089600,6301,325788,13
916,Mexico,21.6345,-102.5528,2022-07-04,6093835,4235,325793,5
917,Mexico,21.6345,-102.5528,2022-07-05,6121808,27973,325868,75
918,Mexico,21.6345,-102.5528,2022-07-06,6152924,31116,325928,60
919,Mexico,21.6345,-102.5528,2022-07-07,6185219,32295,325976,48
920,Mexico,21.6345,-102.5528,2022-07-08,6217788,32569,326022,46
921,Mexico,21.6345,-102.5528,2022-07-09,6249983,32195,326077,55
922,Mexico,21.6345,-102.5528,2022-07-10,6259325,9342,326085,8
923,Mexico,21.6345,-102.5528,2022-07-11,6265311,5986,326097,12
924,Mexico,21.6345,-102.5528,2022-07-12,6301645,36334,326189,92
925,Mexico,21.6345,-102.5528,2022-07-13,6338991,37346,326261,72
926,Mexico,21.6345,-102.5528,2022-07-14,6373876,34885,326335,74
927,Mexico,21.6345,-102.5528,2022-07-15,6408443,34567,326420,85
928,Mexico,21.6345,-102.5528,2022-07-16,6439616,31173,326491,71
929,Mexico,21.6345,-102.5528,2022-07-17,6448477,8861,326504,13
930,Mexico,21.6345,-102.5528,2022-07-18,6454263,5786,326523,19
931,Mexico,21.6345,-102.5528,2022-07-19,6488358,34095,326657,134
932,Mexico,21.6345,-102.5528,2022-07-20,6523019,34661,326764,107
933,Mexico,21.6345,-102.5528,2022-07-21,6556679,33660,326879,115
934,Mexico,21.6345,-102.5528,2022-07-22,6588854,32175,326968,89
935,Mexico,21.6345,-102.5528,2022-07-23,6617393,28539,327073,105
936,Mexico,21.6345,-102.5528,2022-07-24,6624310,6917,327089,16
937,Mexico,21.6345,-102.5528,2022-07-25,6628541,4231,327109,20
938,Mexico,21.6345,-102.5528,2022-07-26,6659038,30497,327261,152
939,Mexico,21.6345,-102.5528,2022-07-27,6686954,27916,327412,151
940,Mexico,21.6345,-102.5528,2022-07-28,6711847,24893,327525,113
941,Mexico,21.6345,-102.5528,2022-07-29,6735095,23248,327604,79
942,Mexico,21.6345,-102.5528,2022-07-30,6754447,19352,327713,109
943,Mexico,21.6345,-102.5528,2022-07-31,6758656,4209,327730,17
944,Mexico,21.6345,-102.5528,2022-08-01,6761617,2961,327750,20
945,Mexico,21.6345,-102.5528,2022-08-02,6782980,21363,327883,133
946,Mexico,21.6345,-102.5528,2022-08-03,6803190,20210,328006,123
947,Mexico,21.6345,-102.5528,2022-08-04,6821746,18556,328128,122
948,Mexico,21.6345,-102.5528,2022-08-05,6839732,17986,328221,93
949,Mexico,21.6345,-102.5528,2022-08-06,6854180,14448,328306,85
950,Mexico,21.6345,-102.5528,2022-08-07,6857470,3290,328320,14
951,Mexico,21.6345,-102.5528,2022-08-08,6859970,2500,328342,22
952,Mexico,21.6345,-102.5528,2022-08-09,6875708,15738,328437,95
953,Mexico,21.6345,-102.5528,2022-08-10,6890549,14841,328525,88
954,Mexico,21.6345,-102.5528,2022-08-11,6903862,13313,328596,71
955,Mexico,21.6345,-102.5528,2022-08-12,6915754,11892,328668,72
956,Mexico,21.6345,-102.5528,2022-08-13,6925668,9914,328724,56
957,Mexico,21.6345,-102.5528,2022-08-14,6927636,1968,328732,8
958,Mexico,21.6345,-102.5528,2022-08-15,6929003,1367,328736,4
959,Mexico,21.6345,-102.5528,2022-08-16,6939755,10752,328798,62
960,Mexico,21.6345,-102.5528,2022-08-17,6949653,9898,328871,73
961,Mexico,21.6345,-102.5528,2022-08-18,6958972,9319,328947,76
962,Mexico,21.6345,-102.5528,2022-08-19,6967864,8892,329012,65
963,Mexico,21.6345,-102.5528,2022-08-20,6974996,7132,329081,69
964,Mexico,21.6345,-102.5528,2022-08-21,6976593,1597,329091,10
965,Mexico,21.6345,-102.5528,2022-08-22,6977780,1187,329103,12
966,Mexico,21.6345,-102.5528,2022-08-23,6986328,8548,329174,71
967,Mexico,21.6345,-102.5528,2022-08-24,6994309,7981,329225,51
968,Mexico,21.6345,-102.5528,2022-08-25,7001590,7281,329289,64
969,Mexico,21.6345,-102.5528,2022-08-26,7007741,6151,329338,49
970,Mexico,21.6345,-102.5528,2022-08-27,7013298,5557,329388,50
971,Mexico,21.6345,-102.5528,2022-08-28,7014510,1212,329390,2
972,Mexico,21.6345,-102.5528,2022-08-29,7015375,865,329401,11
973,Mexico,21.6345,-102.5528,2022-08-30,7021598,6223,329456,55
974,Mexico,21.6345,-102.5528,2022-08-31,7027252,5654,329494,38
975,Mexico,21.6345,-102.5528,2022-09-01,7032024,4772,329536,42
976,Mexico,21.6345,-102.5528,2022-09-02,7032024,0,329536,0
977,Mexico,21.6345,-102.5528,2022-09-03,7040191,8167,329617,81
978,Mexico,21.6345,-102.5528,2022-09-04,7041181,990,329622,5
979,Mexico,21.6345,-102.5528,2022-09-05,7041805,624,329630,8
980,Mexico,21.6345,-102.5528,2022-09-06,7046220,4415,329652,22
981,Mexico,21.6345,-102.5528,2022-09-07,7049955,3735,329675,23
982,Mexico,21.6345,-102.5528,2022-09-08,7052928,2973,329705,30
983,Mexico,21.6345,-102.5528,2022-09-09,7056164,3236,329735,30
984,Mexico,21.6345,-102.5528,2022-09-10,7058533,2369,329758,23
985,Mexico,21.6345,-102.5528,2022-09-11,7059348,815,329761,3
986,Mexico,21.6345,-102.5528,2022-09-12,7059936,588,329767,6
987,Mexico,21.6345,-102.5528,2022-09-13,7062822,2886,329811,44
988,Mexico,21.6345,-102.5528,2022-09-14,7065764,2942,329837,26
989,Mexico,21.6345,-102.5528,2022-09-15,7068348,2584,329868,31
990,Mexico,21.6345,-102.5528,2022-09-16,7068348,0,329868,0
991,Mexico,21.6345,-102.5528,2022-09-17,7069543,1195,329896,28
992,Mexico,21.6345,-102.5528,2022-09-18,7070352,809,329898,2
993,Mexico,21.6345,-102.5528,2022-09-19,7070902,550,329899,1
994,Mexico,21.6345,-102.5528,2022-09-20,7073203,2301,329920,21
995,Mexico,21.6345,-102.5528,2022-09-21,7073203,0,329920,0
996,Mexico,21.6345,-102.5528,2022-09-22,7073203,0,329920,0
997,Mexico,21.6345,-102.5528,2022-09-23,7073203,0,329920,0
998,Mexico,21.6345,-102.5528,2022-09-24,7073203,0,329920,0
999,Mexico,21.6345,-102.5528,2022-09-25,7073203,0,329920,0
1000,Mexico,21.6345,-102.5528,2022-09-26,7073203,0,329920,0
1001,Mexico,21.6345,-102.5528,2022-09-27,7082545,9342,330048,128
1002,Mexico,21.6345,-102.5528,2022-09-28,7082545,0,330048,0
1003,Mexico,21.6345,-102.5528,2022-09-29,7082545,0,330048,0
1004,Mexico,21.6345,-102.5528,2022-09-30,7082545,0,330048,0
1005,Mexico,21.6345,-102.5528,2022-10-01,7082545,0,330048,0
1006,Mexico,21.6345,-102.5528,2022-10-02,7082545,0,330048,0
1007,Mexico,21.6345,-102.5528,2022-10-03,7082545,0,330048,0
1008,Mexico,21.6345,-102.5528,2022-10-04,7090965,8420,330139,91
1009,Mexico,21.6345,-102.5528,2022-10-05,7090965,0,330139,0
1010,Mexico,21.6345,-102.5528,2022-10-06,7090965,0,330139,0
1011,Mexico,21.6345,-102.5528,2022-10-07,7090965,0,330139,0
1012,Mexico,21.6345,-102.5528,2022-10-08,7090965,0,330139,0
1013,Mexico,21.6345,-102.5528,2022-10-09,7090965,0,330139,0
1014,Mexico,21.6345,-102.5528,2022-10-10,7090965,0,330139,0
1015,Mexico,21.6345,-102.5528,2022-10-11,7097436,6471,330209,70
1016,Mexico,21.6345,-102.5528,2022-10-12,7097436,0,330209,0
1017,Mexico,21.6345,-102.5528,2022-10-13,7097436,0,330209,0
1018,Mexico,21.6345,-102.5528,2022-10-14,7097436,0,330209,0
1019,Mexico,21.6345,-102.5528,2022-10-15,7097436,0,330209,0
1020,Mexico,21.6345,-102.5528,2022-10-16,7097436,0,330209,0
1021,Mexico,21.6345,-102.5528,2022-10-17,7097436,0,330209,0
1022,Mexico,21.6345,-102.5528,2022-10-18,7103339,5903,330279,70
1023,Mexico,21.6345,-102.5528,2022-10-19,7103339,0,330279,0
1024,Mexico,21.6345,-102.5528,2022-10-20,7103339,0,330279,0
1025,Mexico,21.6345,-102.5528,2022-10-21,7103339,0,330279,0
1026,Mexico,21.6345,-102.5528,2022-10-22,7103339,0,330279,0
1027,Mexico,21.6345,-102.5528,2022-10-23,7103339,0,330279,0
1028,Mexico,21.6345,-102.5528,2022-10-24,7103339,0,330279,0
1029,Mexico,21.6345,-102.5528,2022-10-25,7107009,3670,330332,53
1030,Mexico,21.6345,-102.5528,2022-10-26,7107009,0,330332,0
1031,Mexico,21.6345,-102.5528,2022-10-27,7107009,0,330332,0
1032,Mexico,21.6345,-102.5528,2022-10-28,7107009,0,330332,0
1033,Mexico,21.6345,-102.5528,2022-10-29,7107009,0,330332,0
1034,Mexico,21.6345,-102.5528,2022-10-30,7107009,0,330332,0
1035,Mexico,21.6345,-102.5528,2022-10-31,7107009,0,330332,0
1036,Mexico,21.6345,-102.5528,2022-11-01,7111119,4110,330393,61
1037,Mexico,21.6345,-102.5528,2022-11-02,7111119,0,330393,0
1038,Mexico,21.6345,-102.5528,2022-11-03,7111119,0,330393,0
1039,Mexico,21.6345,-102.5528,2022-11-04,7111119,0,330393,0
1040,Mexico,21.6345,-102.5528,2022-11-05,7111119,0,330393,0
1041,Mexico,21.6345,-102.5528,2022-11-06,7111119,0,330393,0
1042,Mexico,21.6345,-102.5528,2022-11-07,7111119,0,330393,0
1043,Mexico,21.6345,-102.5528,2022-11-08,7113429,2310,330406,13
1044,Mexico,21.6345,-102.5528,2022-11-09,7113429,0,330406,0
1045,Mexico,21.6345,-102.5528,2022-11-10,7113429,0,330406,0
1046,Mexico,21.6345,-102.5528,2022-11-11,7113429,0,330406,0
1047,Mexico,21.6345,-102.5528,2022-11-12,7113429,0,330406,0
1048,Mexico,21.6345,-102.5528,2022-11-13,7113429,0,330406,0
1049,Mexico,21.6345,-102.5528,2022-11-14,7113429,0,330406,0
1050,Mexico,21.6345,-102.5528,2022-11-15,7118933,5504,330444,38
1051,Mexico,21.6345,-102.5528,2022-11-16,7118933,0,330444,0
1052,Mexico,21.6345,-102.5528,2022-11-17,7118933,0,330444,0
1053,Mexico,21.6345,-102.5528,2022-11-18,7118933,0,330444,0
1054,Mexico,21.6345,-102.5528,2022-11-19,7118933,0,330444,0
1055,Mexico,21.6345,-102.5528,2022-11-20,7118933,0,330444,0
1056,Mexico,21.6345,-102.5528,2022-11-21,7118933,0,330444,0
1057,Mexico,21.6345,-102.5528,2022-11-22,7125098,6165,330495,51
1058,Mexico,21.6345,-102.5528,2022-11-23,7125098,0,330495,0
1059,Mexico,21.6345,-102.5528,2022-11-24,7125098,0,330495,0
1060,Mexico,21.6345,-102.5528,2022-11-25,7125098,0,330495,0
1061,Mexico,21.6345,-102.5528,2022-11-26,7125098,0,330495,0
1062,Mexico,21.6345,-102.5528,2022-11-27,7125098,0,330495,0
1063,Mexico,21.6345,-102.5528,2022-11-28,7125098,0,330495,0
1064,Mexico,21.6345,-102.5528,2022-11-29,7132792,7694,330525,30
1065,Mexico,21.6345,-102.5528,2022-11-30,7132792,0,330525,0
1066,Mexico,21.6345,-102.5528,2022-12-01,7132792,0,330525,0
1067,Mexico,21.6345,-102.5528,2022-12-02,7132792,0,330525,0
1068,Mexico,21.6345,-102.5528,2022-12-03,7132792,0,330525,0
1069,Mexico,21.6345,-102.5528,2022-12-04,7132792,0,330525,0
1070,Mexico,21.6345,-102.5528,2022-12-05,7132792,0,330525,0
1071,Mexico,21.6345,-102.5528,2022-12-06,7145409,12617,330592,67
1072,Mexico,21.6345,-102.5528,2022-12-07,7145409,0,330592,0
1073,Mexico,21.6345,-102.5528,2022-12-08,7145409,0,330592,0
1074,Mexico,21.6345,-102.5528,2022-12-09,7145409,0,330592,0
1075,Mexico,21.6345,-102.5528,2022-12-10,7145409,0,330592,0
1076,Mexico,21.6345,-102.5528,2022-12-11,7145409,0,330592,0
1077,Mexico,21.6345,-102.5528,2022-12-12,7145409,0,330592,0
1078,Mexico,21.6345,-102.5528,2022-12-13,7165257,19848,330699,107
1079,Mexico,21.6345,-102.5528,2022-12-14,7165257,0,330699,0
1080,Mexico,21.6345,-102.5528,2022-12-15,7165257,0,330699,0
1081,Mexico,21.6345,-102.5528,2022-12-16,7165257,0,330699,0
1082,Mexico,21.6345,-102.5528,2022-12-17,7165257,0,330699,0
1083,Mexico,21.6345,-102.5528,2022-12-18,7165257,0,330699,0
1084,Mexico,21.6345,-102.5528,2022-12-19,7165257,0,330699,0
1085,Mexico,21.6345,-102.5528,2022-12-20,7190702,25445,330805,106
1086,Mexico,21.6345,-102.5528,2022-12-21,7190702,0,330805,0
1087,Mexico,21.6345,-102.5528,2022-12-22,7190702,0,330805,0
1088,Mexico,21.6345,-102.5528,2022-12-23,7190702,0,330805,0
1089,Mexico,21.6345,-102.5528,2022-12-24,7190702,0,330805,0
1090,Mexico,21.6345,-102.5528,2022-12-25,7190702,0,330805,0
1091,Mexico,21.6345,-102.5528,2022-12-26,7190702,0,330805,0
1092,Mexico,21.6345,-102.5528,2022-12-27,7222611,31909,331030,225
1093,Mexico,21.6345,-102.5528,2022-12-28,7222611,0,331030,0
1094,Mexico,21.6345,-102.5528,2022-12-29,7222611,0,331030,0
1095,Mexico,21.6345,-102.5528,2022-12-30,7222611,0,331030,0
1096,Mexico,21.6345,-102.5528,2022-12-31,7222611,0,331030,0
1097,Mexico,21.6345,-102.5528,2023-01-01,7222611,0,331030,0
1098,Mexico,21.6345,-102.5528,2023-01-02,7222611,0,331030,0
1099,Mexico,21.6345,-102.5528,2023-01-03,7252944,30333,331197,167
1100,Mexico,21.6345,-102.5528,2023-01-04,7252944,0,331197,0
1101,Mexico,21.6345,-102.5528,2023-01-05,7252944,0,331197,0
1102,Mexico,21.6345,-102.5528,2023-01-06,7252944,0,331197,0
1103,Mexico,21.6345,-102.5528,2023-01-07,7252944,0,331197,0
1104,Mexico,21.6345,-102.5528,2023-01-08,7252944,0,331197,0
1105,Mexico,21.6345,-102.5528,2023-01-09,7252944,0,331197,0
1106,Mexico,21.6345,-102.5528,2023-01-10,7284502,31558,331333,136
1107,Mexico,21.6345,-102.5528,2023-01-11,7284502,0,331333,0
1108,Mexico,21.6345,-102.5528,2023-01-12,7284502,0,331333,0
1109,Mexico,21.6345,-102.5528,2023-01-13,7284502,0,331333,0
1110,Mexico,21.6345,-102.5528,2023-01-14,7284502,0,331333,0
1111,Mexico,21.6345,-102.5528,2023-01-15,7284502,0,331333,0
1112,Mexico,21.6345,-102.5528,2023-01-16,7284502,0,331333,0
1113,Mexico,21.6345,-102.5528,2023-01-17,7315454,30952,331605,272
1114,Mexico,21.6345,-102.5528,2023-01-18,7315454,0,331605,0
1115,Mexico,21.6345,-102.5528,2023-01-19,7315454,0,331605,0
1116,Mexico,21.6345,-102.5528,2023-01-20,7315454,0,331605,0
1117,Mexico,21.6345,-102.5528,2023-01-21,7315454,0,331605,0
1118,Mexico,21.6345,-102.5528,2023-01-22,7315454,0,331605,0
1119,Mexico,21.6345,-102.5528,2023-01-23,7315454,0,331605,0
1120,Mexico,21.6345,-102.5528,2023-01-24,7342764,27310,331897,292
1121,Mexico,21.6345,-102.5528,2023-01-25,7342764,0,331897,0
1122,Mexico,21.6345,-102.5528,2023-01-26,7342764,0,331897,0
1123,Mexico,21.6345,-102.5528,2023-01-27,7342764,0,331897,0
1124,Mexico,21.6345,-102.5528,2023-01-28,7342764,0,331897,0
1125,Mexico,21.6345,-102.5528,2023-01-29,7342764,0,331897,0
1126,Mexico,21.6345,-102.5528,2023-01-30,7342764,0,331897,0
1127,Mexico,21.6345,-102.5528,2023-01-31,7368252,25488,332198,301
1128,Mexico,22.6345,-101.5528,2023-02-01,7368252,0,332198,0
1129,Mexico,22.6345,-101.5528,2023-02-02,7368252,0,332198,0
1130,Mexico,22.6345,-101.5528,2023-02-03,7368252,0,332198,0
1131,Mexico,22.6345,-101.5528,2023-02-04,7368252,0,332198,0
1132,Mexico,22.6345,-101.5528,2023-02-05,7368252,0,332198,0
1133,Mexico,22.6345,-101.5528,2023-02-06,7368252,0,332198,0
1134,Mexico,22.6345,-101.5528,2023-02-07,7390230,21978,332479,281
1135,Mexico,22.6345,-101.5528,2023-02-08,7390230,0,332479,0
1136,Mexico,22.6345,-101.5528,2023-02-09,7390230,0,332479,0
1137,Mexico,22.6345,-101.5528,2023-02-10,7390230,0,332479,0
1138,Mexico,22.6345,-101.5528,2023-02-11,7390230,0,332479,0
1139,Mexico,22.6345,-101.5528,2023-02-12,7390230,0,332479,0
1140,Mexico,22.6345,-101.5528,2023-02-13,7390230,0,332479,0
1141,Mexico,22.6345,-101.5528,2023-02-14,7410093,19863,332653,174
1142,Mexico,22.6345,-101.5528,2023-02-15,7410093,0,332653,0
1143,Mexico,22.6345,-101.5528,2023-02-16,7410093,0,332653,0
1144,Mexico,22.6345,-101.5528,2023-02-17,7410093,0,332653,0
1145,Mexico,22.6345,-101.5528,2023-02-18,7410093,0,332653,0
1146,Mexico,22.6345,-101.5528,2023-02-19,7410093,0,332653,0
1147,Mexico,22.6345,-101.5528,2023-02-20,7410093,0,332653,0
1148,Mexico,22.6345,-101.5528,2023-02-21,7430816,20723,332850,197
1149,Mexico,22.6345,-101.5528,2023-02-22,7430816,0,332850,0
1150,Mexico,22.6345,-101.5528,2023-02-23,7430816,0,332850,0
1151,Mexico,22.6345,-101.5528,2023-02-24,7430816,0,332850,0
1152,Mexico,22.6345,-101.5528,2023-02-25,7430816,0,332850,0
1153,Mexico,22.6345,-101.5528,2023-02-26,7430816,0,332850,0
1154,Mexico,22.6345,-101.5528,2023-02-27,7430816,0,332850,0
1155,Mexico,22.6345,-101.5528,2023-02-28,7451429,20613,332988,138
1156,Mexico,23.6345,-100.5528,2023-03-01,7451429,0,332988,0
1157,Mexico,23.6345,-100.5528,2023-03-02,7451429,0,332988,0
1158,Mexico,23.6345,-100.5528,2023-03-03,7451429,0,332988,0
1159,Mexico,23.6345,-100.5528,2023-03-04,7451429,0,332988,0
1160,Mexico,23.6345,-100.5528,2023-03-05,7451429,0,332988,0
1161,Mexico,23.6345,-100.5528,2023-03-06,7451429,0,332988,0
1162,Mexico,23.6345,-100.5528,2023-03-07,7471065,19636,333102,114
1163,Mexico,23.6345,-100.5528,2023-03-08,7471065,0,333102,0
1164,Mexico,23.6345,-100.5528,2023-03-09,7471065,0,333102,0
1165,Mexico,23.6345,-100.5528,2023-03-10,7471065,0,333102,0
1166,Mexico,23.6345,-100.5528,2023-03-11,7471065,0,333102,0
1167,Mexico,23.6345,-100.5528,2023-03-12,7471065,0,333102,0
1168,Mexico,23.6345,-100.5528,2023-03-13,7471065,0,333102,0
1169,Mexico,23.6345,-100.5528,2023-03-14,7492112,21047,333243,141
1170,Mexico,23.6345,-100.5528,2023-03-15,7492112,0,333243,0
1171,Mexico,23.6345,-100.5528,2023-03-16,7492112,0,333243,0
1172,Mexico,23.6345,-100.5528,2023-03-17,7492112,0,333243,0
1173,Mexico,23.6345,-100.5528,2023-03-18,7492112,0,333243,0
1174,Mexico,23.6345,-100.5528,2023-03-19,7492112,0,333243,0
1175,Mexico,23.6345,-100.5528,2023-03-20,7492112,0,333243,0
1176,Mexico,23.6345,-100.5528,2023-03-21,7511746,19634,333333,90
1177,Mexico,23.6345,-100.5528,2023-03-22,7511746,0,333333,0
1178,Mexico,23.6345,-100.5528,2023-03-23,7511746,0,333333,0
1179,Mexico,23.6345,-100.5528,2023-03-24,7511746,0,333333,0
1180,Mexico,23.6345,-100.5528,2023-03-25,7511746,0,333333,0
1181,Mexico,23.6345,-100.5528,2023-03-26,7511746,0,333333,0
1182,Mexico,23.6345,-100.5528,2023-03-27,7511746,0,333333,0
1183,Mexico,23.6345,-100.5528,2023-03-28,7527885,16139,333449,116
1184,Mexico,23.6345,-100.5528,2023-03-29,7527885,0,333449,0
1185,Mexico,23.6345,-100.5528,2023-03-30,7527885,0,333449,0
1186,Mexico,23.6345,-100.5528,2023-03-31,7527885,0,333449,0
1187,Mexico,23.6345,-100.5528,2023-04-01,7527885,0,333449,0
1188,Mexico,23.6345,-100.5528,2023-04-02,7527885,0,333449,0
1189,Mexico,23.6345,-100.5528,2023-04-03,7527885,0,333449,0
1190,Mexico,23.6345,-100.5528,2023-04-04,7544979,17094,333542,93
1191,Mexico,23.6345,-100.5528,2023-04-05,7544979,0,333542,0
1192,Mexico,23.6345,-100.5528,2023-04-06,7544979,0,333542,0
1193,Mexico,23.6345,-100.5528,2023-04-07,7544979,0,333542,0
1194,Mexico,23.6345,-100.5528,2023-04-08,7544979,0,333542,0
1195,Mexico,23.6345,-100.5528,2023-04-09,7544979,0,333542,0
1196,Mexico,23.6345,-100.5528,2023-04-10,7544979,0,333542,0
1197,Mexico,23.6345,-100.5528,2023-04-11,7553847,8868,333603,61
1198,Mexico,23.6345,-100.5528,2023-04-12,7553847,0,333603,0
1199,Mexico,23.6345,-100.5528,2023-04-13,7553847,0,333603,0
1200,Mexico,23.6345,-100.5528,2023-04-14,7553847,0,333603,0
1201,Mexico,23.6345,-100.5528,2023-04-15,7553847,0,333603,0
1202,Mexico,23.6345,-100.5528,2023-04-16,7553847,0,333603,0
1203,Mexico,23.6345,-100.5528,2023-04-17,7553847,0,333603,0
1204,Mexico,23.6345,-100.5528,2023-04-18,7566260,12413,333683,80
1205,Mexico,23.6345,-100.5528,2023-04-19,7566260,0,333683,0
1206,Mexico,23.6345,-100.5528,2023-04-20,7566260,0,333683,0
1207,Mexico,23.6345,-100.5528,2023-04-21,7566260,0,333683,0
1208,Mexico,23.6345,-100.5528,2023-04-22,7566260,0,333683,0
1209,Mexico,23.6345,-100.5528,2023-04-23,7566260,0,333683,0
1210,Mexico,23.6345,-100.5528,2023-04-24,7566260,0,333683,0
1211,Mexico,23.6345,-100.5528,2023-04-25,7576929,10669,333768,85
1212,Mexico,23.6345,-100.5528,2023-04-26,7576929,0,333768,0
1213,Mexico,23.6345,-100.5528,2023-04-27,7576929,0,333768,0
1214,Mexico,23.6345,-100.5528,2023-04-28,7576929,0,333768,0
1215,Mexico,23.6345,-100.5528,2023-04-29,7576929,0,333768,0
1216,Mexico,23.6345,-100.5528,2023-04-30,7576929,0,333768,0
1217,Mexico,23.6345,-100.5528,2023-05-01,7576929,0,333768,0
1218,Mexico,23.6345,-100.5528,2023-05-02,7587643,10714,333913,145
1219,Mexico,23.6345,-100.5528,2023-05-03,7587643,0,333913,0
1220,Mexico,23.6345,-100.5528,2023-05-04,7587643,0,333913,0
1221,Mexico,23.6345,-100.5528,2023-05-05,7587643,0,333913,0
1222,Mexico,23.6345,-100.5528,2023-05-06,7587643,0,333913,0
1223,Mexico,23.6345,-100.5528,2023-05-07,7587643,0,333913,0
1224,Mexico,23.6345,-100.5528,2023-05-08,7587643,0,333913,0
1225,Mexico,23.6345,-100.5528,2023-05-09,7595863,8220,333961,48
1226,Mexico,23.6345,-100.5528,2023-05-10,7595863,0,333961,0
1227,Mexico,23.6345,-100.5528,2023-05-11,7595863,0,333961,0
1228,Mexico,23.6345,-100.5528,2023-05-12,7595863,0,333961,0
1229,Mexico,23.6345,-100.5528,2023-05-13,7595863,0,333961,0
1230,Mexico,23.6345,-100.5528,2023-05-14,7603157,7294,333996,35
1231,Mexico,23.6345,-100.5528,2023-05-15,7603157,0,333996,0
1232,Mexico,23.6345,-100.5528,2023-05-16,7603157,0,333996,0
1233,Mexico,23.6345,-100.5528,2023-05-17,7603157,0,333996,0
1234,Mexico,23.6345,-100.5528,2023-05-18,7603157,0,333996,0
1235,Mexico,23.6345,-100.5528,2023-05-19,7603157,0,333996,0
1236,Mexico,23.6345,-100.5528,2023-05-20,7603157,0,333996,0
1237,Mexico,23.6345,-100.5528,2023-05-21,7610158,7001,334038,42
1238,Mexico,23.6345,-100.5528,2023-05-22,7610158,0,334038,0
1239,Mexico,23.6345,-100.5528,2023-05-23,7610158,0,334038,0
1240,Mexico,23.6345,-100.5528,2023-05-24,7610158,0,334038,0
1241,Mexico,23.6345,-100.5528,2023-05-25,7610158,0,334038,0
1242,Mexico,23.6345,-100.5528,2023-05-26,7610158,0,334038,0
1243,Mexico,23.6345,-100.5528,2023-05-27,7610158,0,334038,0
1244,Mexico,23.6345,-100.5528,2023-05-28,7616056,5898,334081,43
1245,Mexico,23.6345,-100.5528,2023-05-29,7616056,0,334081,0
1246,Mexico,23.6345,-100.5528,2023-05-30,7616056,0,334081,0
1247,Mexico,23.6345,-100.5528,2023-05-31,7616056,0,334081,0
1248,Mexico,23.6345,-100.5528,2023-06-01,7616056,0,334081,0
1249,Mexico,23.6345,-100.5528,2023-06-02,7616056,0,334081,0
1250,Mexico,23.6345,-100.5528,2023-06-03,7616056,0,334081,0
1251,Mexico,23.6345,-100.5528,2023-06-04,7620240,4184,334114,33
1252,Mexico,23.6345,-100.5528,2023-06-05,7620240,0,334114,0
1253,Mexico,23.6345,-100.5528,2023-06-06,7620240,0,334114,0
1254,Mexico,23.6345,-100.5528,2023-06-07,7620240,0,334114,0
1255,Mexico,23.6345,-100.5528,2023-06-08,7620240,0,334114,0
1256,Mexico,23.6345,-100.5528,2023-06-09,7620240,0,334114,0
1257,Mexico,23.6345,-100.5528,2023-06-10,7620240,0,334114,0
1258,Mexico,23.6345,-100.5528,2023-06-11,7627222,6982,334240,126
1259,Mexico,23.6345,-100.5528,2023-06-12,7627222,0,334240,0
1260,Mexico,23.6345,-100.5528,2023-06-13,7627222,0,334240,0
1261,Mexico,23.6345,-100.5528,2023-06-14,7627222,0,334240,0
1262,Mexico,23.6345,-100.5528,2023-06-15,7627222,0,334240,0
1263,Mexico,23.6345,-100.5528,2023-06-16,7627222,0,334240,0
1264,Mexico,23.6345,-100.5528,2023-06-17,7627222,0,334240,0
1265,Mexico,23.6345,-100.5528,2023-06-18,7631224,4002,334316,76
1266,Mexico,23.6345,-100.5528,2023-06-19,7631224,0,334316,0
1267,Mexico,23.6345,-100.5528,2023-06-20,7631224,0,334316,0
1268,Mexico,23.6345,-100.5528,2023-06-21,7631224,0,334316,0
1269,Mexico,23.6345,-100.5528,2023-06-22,7631224,0,334316,0
1270,Mexico,23.6345,-100.5528,2023-06-23,7631224,0,334316,0
1271,Mexico,23.6345,-100.5528,2023-06-24,7631224,0,334316,0
1272,Mexico,23.6345,-100.5528,2023-06-25,7633340,2116,334336,20
1273,Mexico,23.6345,-100.5528,2023-06-26,7633340,0,334336,0
1274,Mexico,23.6345,-100.5528,2023-06-27,7633340,0,334336,0
1275,Mexico,23.6345,-100.5528,2023-06-28,7633340,0,334336,0
1276,Mexico,23.6345,-100.5528,2023-06-29,7633340,0,334336,0
1277,Mexico,23.6345,-100.5528,2023-06-30,7633340,0,334336,0
1278,Mexico,23.6345,-100.5528,2023-07-01,7633340,0,334336,0
1279,Mexico,23.6345,-100.5528,2023-07-02,7633355,15,334336,0
1280,Mexico,23.6345,-100.5528,2023-07-03,7633355,0,334336,0
1281,Mexico,23.6345,-100.5528,2023-07-04,7633355,0,334336,0
1282,Mexico,23.6345,-100.5528,2023-07-05,7633355,0,334336,0
1283,Mexico,23.6345,-100.5528,2023-07-06,7633355,0,334336,0
1284,Mexico,23.6345,-100.5528,2023-07-07,7633355,0,334336,0
1285,Mexico,23.6345,-100.5528,2023-07-08,7633355,0,334336,0
1286,Mexico,23.6345,-100.5528,2023-07-09,7633355,0,334336,0
1287,Mexico,23.6345,-100.5528,2023-07-10,7633355,0,334336,0
1288,Mexico,23.6345,-100.5528,2023-07-11,7633355,0,334336,0
1289,Mexico,23.6345,-100.5528,2023-07-12,7633355,0,334336,0
1290,Mexico,23.6345,-100.5528,2023-07-13,7633355,0,334336,0
1291,Mexico,23.6345,-100.5528,2023-07-14,7633355,0,334336,0
1292,Mexico,23.6345,-100.5528,2023-07-15,7633355,0,334336,0
